date,symbol,asset_type,open,high,low,close,volume,adj_close,daily_return,cumulative_return,drawdown
2024-07-01 00:00:00-04:00,^GSPC,indexes,5471.080078125,5479.5498046875,5446.52978515625,5475.08984375,3488760000,5475.08984375,,0.0,0.0
2024-07-02 00:00:00-04:00,^GSPC,indexes,5461.83984375,5509.68994140625,5458.43017578125,5509.009765625,3329950000,5509.009765625,0.6195317856513505,0.6195317856513485,0.0
2024-07-03 00:00:00-04:00,^GSPC,indexes,5507.43994140625,5539.27001953125,5507.419921875,5537.02001953125,2179470000,5537.02001953125,0.5084444409779065,1.1311262015534849,0.0
2024-07-05 00:00:00-04:00,^GSPC,indexes,5537.91015625,5570.330078125,5531.6298828125,5567.18994140625,3253080000,5567.18994140625,0.5448765178485582,1.6821659604615506,0.0
2024-07-08 00:00:00-04:00,^GSPC,indexes,5572.75,5583.10986328125,5562.509765625,5572.85009765625,3185670000,5572.85009765625,0.10166989647510949,1.7855461133271928,0.0
2024-07-09 00:00:00-04:00,^GSPC,indexes,5584.240234375,5590.75,5574.56982421875,5576.97998046875,3232920000,5576.97998046875,0.07410719362856977,1.8609765250712922,0.0
2024-07-10 00:00:00-04:00,^GSPC,indexes,5591.259765625,5635.39013671875,5586.43994140625,5633.91015625,3336100000,5633.91015625,1.0208065293514812,2.9007800243004,0.0
2024-07-11 00:00:00-04:00,^GSPC,indexes,5635.2099609375,5642.4501953125,5576.52978515625,5584.5400390625,4020950000,5584.5400390625,-0.8763028841120457,1.999057521173668,-0.8763028841120419
2024-07-12 00:00:00-04:00,^GSPC,indexes,5590.759765625,5655.56005859375,5590.43994140625,5615.35009765625,3700280000,5615.35009765625,0.5517027074430692,2.561789083084396,-0.32943476340602146
2024-07-15 00:00:00-04:00,^GSPC,indexes,5638.16015625,5666.93994140625,5614.75,5631.22021484375,3620470000,5631.22021484375,0.28262026252154904,2.8516494806378034,-0.04774555027765047
2024-07-16 00:00:00-04:00,^GSPC,indexes,5644.08984375,5669.669921875,5639.02001953125,5667.2001953125,4041760000,5667.2001953125,0.6389375498743188,3.508807289834713,0.0
2024-07-17 00:00:00-04:00,^GSPC,indexes,5610.06982421875,5622.490234375,5584.81005859375,5588.27001953125,4246450000,5588.27001953125,-1.3927543241993745,2.067183900378347,-1.39275432419937
2024-07-18 00:00:00-04:00,^GSPC,indexes,5608.56005859375,5614.0498046875,5522.81005859375,5544.58984375,4007510000,5544.58984375,-0.7816403936922511,1.2693855623088377,-2.1635083875087817
2024-07-19 00:00:00-04:00,^GSPC,indexes,5543.3701171875,5557.5,5497.0400390625,5505.0,3760570000,5505.0,-0.7140265531926926,0.5462952591388698,-2.8620869163341065
2024-07-22 00:00:00-04:00,^GSPC,indexes,5544.5400390625,5570.35986328125,5529.0400390625,5564.41015625,3375180000,5564.41015625,1.079203564940956,1.6313944619915626,-1.8137710954259305
2024-07-23 00:00:00-04:00,^GSPC,indexes,5565.2998046875,5585.33984375,5550.89990234375,5555.740234375,3500210000,5555.740234375,-0.1558102589770738,1.473042323078317,-1.9667553129619746
2024-07-24 00:00:00-04:00,^GSPC,indexes,5505.83984375,5508.0400390625,5419.97998046875,5427.1298828125,3945550000,5427.1298828125,-2.314909375473495,-0.8759666472368104,-4.23613608530309
2024-07-25 00:00:00-04:00,^GSPC,indexes,5428.7001953125,5491.58984375,5390.9501953125,5399.22021484375,4592120000,5399.22021484375,-0.5142620237842288,-1.3857239072132805,-4.728613269924781
2024-07-26 00:00:00-04:00,^GSPC,indexes,5433.669921875,5488.31982421875,5430.7001953125,5459.10009765625,3638770000,5459.10009765625,1.1090468702846357,-0.2920453645523796,-3.6720089371181106
2024-07-29 00:00:00-04:00,^GSPC,indexes,5476.5498046875,5487.740234375,5444.43994140625,5463.5400390625,3379970000,5463.5400390625,0.08133101292933098,-0.2109518750762509,-3.5936644062521914
2024-07-30 00:00:00-04:00,^GSPC,indexes,5478.72998046875,5489.4599609375,5401.7001953125,5436.43994140625,3777740000,5436.43994140625,-0.49601718780302173,-0.705922705320903,-4.071856400928244
2024-07-31 00:00:00-04:00,^GSPC,indexes,5505.58984375,5551.509765625,5493.75,5522.2998046875,4546910000,5522.2998046875,1.5793398659167401,0.862268241888154,-2.556824986434239
2024-08-01 00:00:00-04:00,^GSPC,indexes,5537.83984375,5566.16015625,5410.419921875,5446.68017578125,4703620000,5446.68017578125,-1.3693502993456064,-0.5188895302089078,-3.891163395174363
2024-08-02 00:00:00-04:00,^GSPC,indexes,5376.6298828125,5383.89013671875,5302.02978515625,5346.56005859375,5156450000,5346.56005859375,-1.8381860868696753,-2.3475374619280647,-5.657822657896582
2024-08-05 00:00:00-04:00,^GSPC,indexes,5151.14013671875,5250.89013671875,5119.259765625,5186.330078125,5333250000,5186.330078125,-2.996879838863975,-5.274064423885738,-8.485144350207378
2024-08-06 00:00:00-04:00,^GSPC,indexes,5206.419921875,5312.33984375,5193.56005859375,5240.02978515625,4690190000,5240.02978515625,1.0354085880061037,-4.293263951861521,-7.537591675508033
2024-08-07 00:00:00-04:00,^GSPC,indexes,5293.1298828125,5330.64013671875,5195.5400390625,5199.5,4558260000,5199.5,-0.7734647858502863,-5.033521852880553,-8.252755844047083
2024-08-08 00:00:00-04:00,^GSPC,indexes,5252.56982421875,5328.02978515625,5233.85009765625,5319.31005859375,4016830000,5319.31005859375,2.3042611519136447,-2.8452461895959185,-6.138659739010096
2024-08-09 00:00:00-04:00,^GSPC,indexes,5314.66015625,5358.669921875,5300.83984375,5344.16015625,3516400000,5344.16015625,0.46716768495385086,-2.391370575397236,-5.700169888646169
2024-08-12 00:00:00-04:00,^GSPC,indexes,5351.8798828125,5371.2001953125,5324.3701171875,5344.39013671875,3360160000,5344.39013671875,0.004303397765514916,-2.3871700878196207,-5.696111791864265
2024-08-13 00:00:00-04:00,^GSPC,indexes,5376.97998046875,5436.5,5376.97998046875,5434.43017578125,3648980000,5434.43017578125,1.6847579753558328,-0.742630150903631,-4.1073195142070436
2024-08-14 00:00:00-04:00,^GSPC,indexes,5442.35986328125,5463.22021484375,5415.91015625,5455.2099609375,3380050000,5455.2099609375,0.38237284285767004,-0.36309692406588645,-3.7406519457410923
2024-08-15 00:00:00-04:00,^GSPC,indexes,5501.1298828125,5546.22998046875,5501.1298828125,5543.22021484375,3723310000,5543.22021484375,1.6133247764330783,1.2443699197287716,-2.18767603394878
2024-08-16 00:00:00-04:00,^GSPC,indexes,5530.5,5561.97998046875,5525.169921875,5554.25,3357690000,5554.25,0.1989779357261412,1.4458238770339813,-1.99305109083537
2024-08-19 00:00:00-04:00,^GSPC,indexes,5557.22998046875,5608.2998046875,5550.740234375,5608.25,3222050000,5608.25,0.9722284736913167,2.432109062137251,-1.0401996273443692
2024-08-20 00:00:00-04:00,^GSPC,indexes,5602.8798828125,5620.509765625,5585.5,5597.1201171875,2994420000,5597.1201171875,-0.19845553982971165,2.228826867139024,-1.2365908333883315
2024-08-21 00:00:00-04:00,^GSPC,indexes,5603.08984375,5632.68017578125,5591.56982421875,5620.85009765625,3119670000,5620.85009765625,0.4239676828782013,2.66224405564121,-0.8178658960131224
2024-08-22 00:00:00-04:00,^GSPC,indexes,5637.77001953125,5643.22021484375,5560.9501953125,5570.64013671875,2981530000,5570.64013671875,-0.8932805548120926,1.7451821923584303,-1.7038406138116937
2024-08-23 00:00:00-04:00,^GSPC,indexes,5602.490234375,5641.81982421875,5585.16015625,5634.60986328125,3291940000,5634.60986328125,1.148337085011919,2.913559851686224,-0.5750693624376704
2024-08-26 00:00:00-04:00,^GSPC,indexes,5639.66015625,5651.6201171875,5602.33984375,5616.83984375,2938570000,5616.83984375,-0.31537266931381813,2.5889986108960827,-0.8886284201527671
2024-08-27 00:00:00-04:00,^GSPC,indexes,5602.89013671875,5631.18017578125,5593.47998046875,5625.7998046875,2798990000,5625.7998046875,0.15951960865450143,2.752648180002754,-0.730526348076488
2024-08-28 00:00:00-04:00,^GSPC,indexes,5624.509765625,5627.02978515625,5560.9501953125,5592.18017578125,3053450000,5592.18017578125,-0.597597320797616,2.1386011074304574,-1.3237580629902779
2024-08-29 00:00:00-04:00,^GSPC,indexes,5607.2998046875,5646.9501953125,5583.7099609375,5591.9599609375,3065640000,5591.9599609375,-0.003937906806072977,2.1345789845058194,-1.3276438414374934
2024-08-30 00:00:00-04:00,^GSPC,indexes,5612.740234375,5651.3701171875,5581.7900390625,5648.39990234375,4185850000,5648.39990234375,1.0093051774424433,3.1654285781554674,-0.3317386420246853
2024-09-03 00:00:00-04:00,^GSPC,indexes,5623.89013671875,5623.89013671875,5504.330078125,5528.93017578125,3866350000,5528.93017578125,-2.115107439771169,0.9833689230270908,-2.4398294530977926
2024-09-04 00:00:00-04:00,^GSPC,indexes,5506.68017578125,5552.990234375,5503.66015625,5520.06982421875,3478140000,5520.06982421875,-0.16025435809103872,0.8215386733807879,-2.5961738781602537
2024-09-05 00:00:00-04:00,^GSPC,indexes,5520.080078125,5546.2998046875,5480.5400390625,5503.41015625,3521650000,5503.41015625,-0.3018017615584734,0.5172574936341655,-2.8901403412213202
2024-09-06 00:00:00-04:00,^GSPC,indexes,5507.330078125,5522.47021484375,5402.6201171875,5408.419921875,3822800000,5408.419921875,-1.7260249859284649,-1.2176954858760165,-4.566280782731911
2024-09-09 00:00:00-04:00,^GSPC,indexes,5442.06982421875,5484.2001953125,5434.490234375,5471.0498046875,3825940000,5471.0498046875,1.15800702824842,-0.07378945693670838,-3.4611516068770865
2024-09-10 00:00:00-04:00,^GSPC,indexes,5490.509765625,5497.91015625,5441.72021484375,5495.52001953125,3848180000,5495.52001953125,0.4472672652839682,0.37314777226115725,-3.029364939732524
2024-09-11 00:00:00-04:00,^GSPC,indexes,5496.419921875,5560.41015625,5406.9599609375,5554.1298828125,3839450000,5554.1298828125,1.0665025888896507,1.4436299918023605,-1.9951706063520327
2024-09-12 00:00:00-04:00,^GSPC,indexes,5557.47998046875,5600.7099609375,5535.5,5595.759765625,3655070000,5595.759765625,0.7495302358939249,2.2039806709792864,-1.2605947774103758
2024-09-13 00:00:00-04:00,^GSPC,indexes,5603.33984375,5636.27001953125,5601.64990234375,5626.02001953125,3500790000,5626.02001953125,0.5407711405364557,2.7566703029273922,-0.7266405696292726
2024-09-16 00:00:00-04:00,^GSPC,indexes,5615.2099609375,5636.0498046875,5604.52978515625,5633.08984375,3437070000,5633.08984375,0.12566297656613212,2.8857973934503076,-0.6018907112318642
2024-09-17 00:00:00-04:00,^GSPC,indexes,5655.509765625,5670.81005859375,5614.0498046875,5634.580078125,3443600000,5634.580078125,0.026455008109871336,2.913015839494643,-0.5755949333584688
2024-09-18 00:00:00-04:00,^GSPC,indexes,5641.68017578125,5689.75,5615.080078125,5618.259765625,3691390000,5618.259765625,-0.2896455862498093,2.614932831438982,-0.8635733342891256
2024-09-19 00:00:00-04:00,^GSPC,indexes,5702.6298828125,5733.56982421875,5686.419921875,5713.64013671875,4024530000,5713.64013671875,1.697685316676334,4.357011478835607,0.0
2024-09-20 00:00:00-04:00,^GSPC,indexes,5709.64013671875,5715.14013671875,5674.490234375,5702.5498046875,7867260000,5702.5498046875,-0.19410273951238066,4.154451660681938,-0.19410273951238022
2024-09-23 00:00:00-04:00,^GSPC,indexes,5711.89990234375,5725.35986328125,5704.22021484375,5718.56982421875,3529550000,5718.56982421875,0.2809273058532735,4.447049955658548,0.0
2024-09-24 00:00:00-04:00,^GSPC,indexes,5727.66015625,5735.31982421875,5698.990234375,5732.93017578125,3872710000,5732.93017578125,0.25111788443470395,4.709335177861665,0.0
2024-09-25 00:00:00-04:00,^GSPC,indexes,5733.64990234375,5741.02978515625,5712.06005859375,5722.259765625,3624910000,5722.259765625,-0.18612489301417234,4.514445039786019,-0.1861248930141714
2024-09-26 00:00:00-04:00,^GSPC,indexes,5762.22021484375,5767.3701171875,5721.009765625,5745.3701171875,4391180000,5745.3701171875,0.403867571712313,4.936544991056796,0.0
2024-09-27 00:00:00-04:00,^GSPC,indexes,5755.35986328125,5763.77978515625,5727.33984375,5738.169921875,3898530000,5738.169921875,-0.12532169669905446,4.805036732416634,-0.12532169669905743
2024-09-30 00:00:00-04:00,^GSPC,indexes,5726.52001953125,5765.14013671875,5703.52978515625,5762.47998046875,4425730000,5762.47998046875,0.42365525811767224,5.249048781305672,0.0
2024-10-01 00:00:00-04:00,^GSPC,indexes,5757.72998046875,5757.72998046875,5681.27978515625,5708.75,4025180000,5708.75,-0.9324107094664358,4.2676953788572245,-0.9324107094664358
2024-10-02 00:00:00-04:00,^GSPC,indexes,5698.14013671875,5719.6298828125,5674.0,5709.5400390625,3829050000,5709.5400390625,0.013839090212397487,4.282125079283088,-0.9187006564132756
2024-10-03 00:00:00-04:00,^GSPC,indexes,5698.18994140625,5718.77978515625,5677.3701171875,5699.93994140625,3597450000,5699.93994140625,-0.1681413492255035,4.106783707173755,-1.0852972899597417
2024-10-04 00:00:00-04:00,^GSPC,indexes,5737.47998046875,5753.2099609375,5702.830078125,5751.06982421875,3479400000,5751.06982421875,0.8970249395274354,5.0406475207669965,-0.19800773779125283
2024-10-07 00:00:00-04:00,^GSPC,indexes,5737.7998046875,5739.33984375,5686.85009765625,5695.93994140625,3637790000,5695.93994140625,-0.9586022165882668,4.033725545314253,-1.1547118478160385
2024-10-08 00:00:00-04:00,^GSPC,indexes,5719.14013671875,5757.60009765625,5714.56005859375,5751.1298828125,3393400000,5751.1298828125,0.9689347495581924,5.041744463382807,-0.19696550260859605
2024-10-09 00:00:00-04:00,^GSPC,indexes,5751.7998046875,5796.7998046875,5745.02001953125,5792.0400390625,3650340000,5792.0400390625,0.7113411987488272,5.788949667635306,0.0
2024-10-10 00:00:00-04:00,^GSPC,indexes,5778.35986328125,5795.02978515625,5764.759765625,5780.0498046875,3208790000,5780.0498046875,-0.2070122839989974,5.569953546709779,-0.2070122839990025
2024-10-11 00:00:00-04:00,^GSPC,indexes,5775.08984375,5822.1298828125,5775.08984375,5815.02978515625,3208720000,5815.02978515625,0.6051847587953629,6.208846815441812,0.0
2024-10-14 00:00:00-04:00,^GSPC,indexes,5829.81005859375,5871.41015625,5829.56982421875,5859.85009765625,3005250000,5859.85009765625,0.770766688322233,7.027469226746422,0.0
2024-10-15 00:00:00-04:00,^GSPC,indexes,5866.740234375,5870.35986328125,5804.47998046875,5815.259765625,3882120000,5815.259765625,-0.7609466332438197,6.213047303019429,-0.7609466332438211
2024-10-16 00:00:00-04:00,^GSPC,indexes,5816.580078125,5846.52001953125,5808.33984375,5842.47021484375,3467230000,5842.47021484375,0.4679145956573816,6.710033653842724,-0.29659261794856134
2024-10-17 00:00:00-04:00,^GSPC,indexes,5875.6201171875,5878.4599609375,5840.25,5841.47021484375,3480010000,5841.47021484375,-0.017116047891174713,6.691769113377849,-0.3136579009052016
2024-10-18 00:00:00-04:00,^GSPC,indexes,5859.43017578125,5872.169921875,5846.10986328125,5864.669921875,3374490000,5864.669921875,0.39715527389487804,7.1155011012233675,0.0
2024-10-21 00:00:00-04:00,^GSPC,indexes,5857.81982421875,5866.919921875,5824.7900390625,5853.97998046875,3407010000,5853.97998046875,-0.18227694906369774,6.920254233841767,-0.1822769490636961
2024-10-22 00:00:00-04:00,^GSPC,indexes,5832.7001953125,5863.0400390625,5821.169921875,5851.2001953125,3342080000,5851.2001953125,-0.04748538883844189,6.869482735371779,-0.22967578298411004
2024-10-23 00:00:00-04:00,^GSPC,indexes,5834.5,5834.85009765625,5762.41015625,5797.419921875,3532650000,5797.419921875,-0.9191323428069387,5.887210754960499,-1.1466971013860474
2024-10-24 00:00:00-04:00,^GSPC,indexes,5817.7998046875,5817.7998046875,5784.919921875,5809.85986328125,3543030000,5809.85986328125,0.2145772011323821,6.114420568155631,-0.9345804507992944
2024-10-25 00:00:00-04:00,^GSPC,indexes,5826.75,5862.81982421875,5799.97998046875,5808.1201171875,3501280000,5808.1201171875,-0.029944716993013376,6.082644905227725,-0.9642453103212397
2024-10-28 00:00:00-04:00,^GSPC,indexes,5833.93017578125,5842.919921875,5823.080078125,5823.52001953125,3691280000,5823.52001953125,0.26514435020339455,6.363917044740276,-0.7016576020802535
2024-10-29 00:00:00-04:00,^GSPC,indexes,5819.68017578125,5847.18994140625,5802.169921875,5832.919921875,3879100000,5832.919921875,0.1614127248163344,6.535601941463574,-0.5413774419183198
2024-10-30 00:00:00-04:00,^GSPC,indexes,5832.64990234375,5850.93994140625,5811.27978515625,5813.669921875,3851120000,5813.669921875,-0.3300233889343751,6.184009537514724,-0.8696141586719467
2024-10-31 00:00:00-04:00,^GSPC,indexes,5775.33984375,5775.33984375,5702.85986328125,5705.4501953125,4425660000,5705.4501953125,-1.8614700871699585,4.207425962616195,-2.7148966384044284
2024-11-01 00:00:00-04:00,^GSPC,indexes,5723.22021484375,5772.52001953125,5723.22021484375,5728.7998046875,3796450000,5728.7998046875,0.4092509543626166,4.633895847884916,-2.316756424444444
2024-11-04 00:00:00-05:00,^GSPC,indexes,5725.14990234375,5741.43017578125,5696.509765625,5712.68994140625,3602060000,5712.68994140625,-0.2812083478299976,4.339656598100916,-2.5914498598100186
2024-11-05 00:00:00-05:00,^GSPC,indexes,5722.43017578125,5783.43994140625,5722.10009765625,5782.759765625,3768310000,5782.759765625,1.2265644545291332,5.619449737910979,-1.3966712081182637
2024-11-06 00:00:00-05:00,^GSPC,indexes,5864.89013671875,5936.14013671875,5864.89013671875,5929.0400390625,6329530000,5929.0400390625,2.5295927786425976,8.29119171132323,0.0
2024-11-07 00:00:00-05:00,^GSPC,indexes,5947.2099609375,5983.83984375,5947.2099609375,5973.10009765625,4925740000,5973.10009765625,0.7431229727488331,9.095928434393556,0.0
2024-11-08 00:00:00-05:00,^GSPC,indexes,5976.759765625,6012.4501953125,5976.759765625,5995.5400390625,4666740000,5995.5400390625,0.3756833309231711,9.505783652237442,0.0
2024-11-11 00:00:00-05:00,^GSPC,indexes,6008.85986328125,6017.31005859375,5986.68994140625,6001.35009765625,4333000000,6001.35009765625,0.09690634297987444,9.611901702526286,0.0
2024-11-12 00:00:00-05:00,^GSPC,indexes,6003.60009765625,6009.919921875,5960.080078125,5983.990234375,4243400000,5983.990234375,-0.289265965137242,9.29483177716119,-0.28926596513723923
2024-11-13 00:00:00-05:00,^GSPC,indexes,5985.75,6008.18994140625,5965.91015625,5985.3798828125,4220180000,5985.3798828125,0.023222772482434095,9.32021306727986,-0.26611036823175777
2024-11-14 00:00:00-05:00,^GSPC,indexes,5989.68017578125,5993.8798828125,5942.27978515625,5949.169921875,4184570000,5949.169921875,-0.6049734794859041,8.658854770505336,-0.8694739505636956
2024-11-15 00:00:00-05:00,^GSPC,indexes,5912.7900390625,5915.31982421875,5853.009765625,5870.6201171875,4590960000,5870.6201171875,-1.3203489851361216,7.224178684282435,-2.178342845217527
2024-11-18 00:00:00-05:00,^GSPC,indexes,5874.169921875,5908.1201171875,5865.9501953125,5893.6201171875,3983860000,5893.6201171875,0.3917814394541086,7.644263114974568,-1.7950957487186516
2024-11-19 00:00:00-05:00,^GSPC,indexes,5870.0498046875,5923.509765625,5855.2900390625,5916.97998046875,4036940000,5916.97998046875,0.3963584828470035,8.070920283128915,-1.4058522801469233
2024-11-20 00:00:00-05:00,^GSPC,indexes,5914.33984375,5920.669921875,5860.56005859375,5917.10986328125,3772620000,5917.10986328125,0.002195086225209586,8.073292533013515,-1.4036880535914567
2024-11-21 00:00:00-05:00,^GSPC,indexes,5940.580078125,5963.31982421875,5887.259765625,5948.7099609375,4230120000,5948.7099609375,0.5340461540581654,8.650453795350105,-0.8771382415984683
2024-11-22 00:00:00-05:00,^GSPC,indexes,5944.35986328125,5972.89990234375,5944.35986328125,5969.33984375,4141420000,5969.33984375,0.3467959094991535,9.027249124764648,-0.5333842116418303
2024-11-25 00:00:00-05:00,^GSPC,indexes,5992.27978515625,6020.75,5963.91015625,5987.3701171875,5633150000,5987.3701171875,0.3020480305938378,9.356563783556634,-0.23294725755475756
2024-11-26 00:00:00-05:00,^GSPC,indexes,6000.02978515625,6025.419921875,5992.27001953125,6021.6298828125,3835170000,6021.6298828125,0.5722005647630368,9.982302659131593,0.0
2024-11-27 00:00:00-05:00,^GSPC,indexes,6014.10986328125,6020.16015625,5984.8701171875,5998.740234375,3363340000,5998.740234375,-0.3801238017440034,9.564233749018102,-0.3801238017440059
2024-11-29 00:00:00-05:00,^GSPC,indexes,6003.97998046875,6044.169921875,6003.97998046875,6032.3798828125,2444420000,6032.3798828125,0.5607785488815242,10.178646469129003,0.0
2024-12-02 00:00:00-05:00,^GSPC,indexes,6040.10986328125,6053.580078125,6035.330078125,6047.14990234375,4412470000,6047.14990234375,0.24484564662998753,10.448414088524517,0.0
2024-12-03 00:00:00-05:00,^GSPC,indexes,6042.97021484375,6052.06982421875,6033.39013671875,6049.8798828125,4095000000,6049.8798828125,0.04514491145146682,10.49827592726432,0.0
2024-12-04 00:00:00-05:00,^GSPC,indexes,6069.39013671875,6089.83984375,6061.06005859375,6086.490234375,4003390000,6086.490234375,0.6051417924264779,11.166947174810915,0.0
2024-12-05 00:00:00-05:00,^GSPC,indexes,6089.02978515625,6094.5498046875,6072.89990234375,6075.10986328125,4212020000,6075.10986328125,-0.18697756269248078,10.95908992646382,-0.1869775626924769
2024-12-06 00:00:00-05:00,^GSPC,indexes,6081.3798828125,6099.97021484375,6079.97998046875,6090.27001953125,3924830000,6090.27001953125,0.24954538421815275,11.23598321374578,0.0
2024-12-09 00:00:00-05:00,^GSPC,indexes,6083.009765625,6088.509765625,6048.6298828125,6052.85009765625,4556460000,6052.85009765625,-0.6144213927296471,10.552525536467366,-0.6144213927296461
2024-12-10 00:00:00-05:00,^GSPC,indexes,6057.58984375,6065.39990234375,6029.89013671875,6034.91015625,4048410000,6034.91015625,-0.2963883313944371,10.224860750715422,-0.9089886508104429
2024-12-11 00:00:00-05:00,^GSPC,indexes,6060.14990234375,6092.58984375,6060.14990234375,6084.18994140625,4269950000,6084.18994140625,0.8165786048233592,11.124933380802112,-0.09983265282986525
2024-12-12 00:00:00-05:00,^GSPC,indexes,6074.2900390625,6079.68017578125,6051.25,6051.25,3678010000,6051.25,-0.5414022527810203,10.523300488077037,-0.640694409379459
2024-12-13 00:00:00-05:00,^GSPC,indexes,6068.169921875,6078.580078125,6035.77001953125,6051.08984375,3584960000,6051.08984375,-0.0026466639124200775,10.520375307768209,-0.6433241162641519
2024-12-16 00:00:00-05:00,^GSPC,indexes,6063.7900390625,6085.18994140625,6059.14013671875,6074.080078125,4391100000,6074.080078125,0.3799354326022186,10.940281373807364,-0.26583289992610365
2024-12-17 00:00:00-05:00,^GSPC,indexes,6052.5498046875,6057.68017578125,6035.18994140625,6050.60986328125,4544500000,6050.60986328125,-0.3863994965801476,10.511608685074375,-0.6512052195191917
2024-12-18 00:00:00-05:00,^GSPC,indexes,6047.64990234375,6070.669921875,5867.7900390625,5872.16015625,5246960000,5872.16015625,-2.949284635160343,7.252306790056956,-3.5812839591968912
2024-12-19 00:00:00-05:00,^GSPC,indexes,5912.7099609375,5935.52001953125,5866.06982421875,5867.080078125,4896880000,5867.080078125,-0.08651123249070469,7.159521497578165,-3.664696978795503
2024-12-20 00:00:00-05:00,^GSPC,indexes,5842.0,5982.06005859375,5832.2998046875,5930.85009765625,8223220000,5930.85009765625,1.0869123768910471,8.324251599752573,-2.617616646942529
2024-12-23 00:00:00-05:00,^GSPC,indexes,5940.25,5978.25,5902.56982421875,5974.06982421875,3593280000,5974.06982421875,0.7287273468533639,9.113640044434202,-1.90796458843123
2024-12-24 00:00:00-05:00,^GSPC,indexes,5984.6298828125,6040.10009765625,5981.43994140625,6040.0400390625,1757720000,6040.0400390625,1.104275925539211,10.318555702924396,-0.8247578565098834
2024-12-26 00:00:00-05:00,^GSPC,indexes,6024.97021484375,6049.75,6007.3701171875,6037.58984375,2904530000,6037.58984375,-0.040565878647391695,10.273804011492391,-0.864989164886069
2024-12-27 00:00:00-05:00,^GSPC,indexes,6006.169921875,6006.169921875,5932.9501953125,5970.83984375,3159610000,5970.83984375,-1.1055736101235558,9.054645935461961,-1.9609996830722158
2024-12-30 00:00:00-05:00,^GSPC,indexes,5920.669921875,5940.7900390625,5869.16015625,5906.93994140625,3433250000,5906.93994140625,-1.0701995701766776,7.887543583402954,-3.0102126430694836
2024-12-31 00:00:00-05:00,^GSPC,indexes,5919.740234375,5929.740234375,5868.85986328125,5881.6298828125,3128350000,5881.6298828125,-0.42848003949274016,7.425266994049042,-3.425794522240385
2025-01-02 00:00:00-05:00,^GSPC,indexes,5903.259765625,5935.08984375,5829.52978515625,5868.5498046875,3621680000,5868.5498046875,-0.22238866412221947,7.1863653778512475,-3.640564607689022
2025-01-03 00:00:00-05:00,^GSPC,indexes,5891.06982421875,5949.33984375,5888.66015625,5942.47021484375,3667340000,5942.47021484375,1.259602672149196,8.53648770033026,-2.426818584619598
2025-01-06 00:00:00-05:00,^GSPC,indexes,5982.81005859375,6021.0400390625,5960.009765625,5975.3798828125,4940120000,5975.3798828125,0.5538045085450305,9.137567662631108,-1.8864539068104036
2025-01-07 00:00:00-05:00,^GSPC,indexes,5993.259765625,6000.68017578125,5890.68017578125,5909.02978515625,4517330000,5909.02978515625,-1.110391288210788,7.925713619140097,-2.975898175183857
2025-01-08 00:00:00-05:00,^GSPC,indexes,5910.66015625,5927.89013671875,5874.77978515625,5918.25,4441740000,5918.25,0.1560360190925314,8.094116606248614,-2.8245056291361257
2025-01-10 00:00:00-05:00,^GSPC,indexes,5890.35009765625,5890.35009765625,5807.77978515625,5827.0400390625,4751930000,5827.0400390625,-1.541164380306681,6.428208583905944,-4.322139734766801
2025-01-13 00:00:00-05:00,^GSPC,indexes,5782.02001953125,5838.60986328125,5773.31005859375,5836.22021484375,4421200000,5836.22021484375,0.15754440882007614,6.595880275937254,-4.1714046154402435
2025-01-14 00:00:00-05:00,^GSPC,indexes,5859.27001953125,5871.919921875,5805.419921875,5842.91015625,4142280000,5842.91015625,0.11462798112440442,6.718068981459351,-4.061558231211046
2025-01-15 00:00:00-05:00,^GSPC,indexes,5905.2099609375,5960.60986328125,5905.2099609375,5949.91015625,4544570000,5949.91015625,1.8312792279639112,8.672374811201015,-2.3046574754669593
2025-01-16 00:00:00-05:00,^GSPC,indexes,5963.60986328125,5964.68994140625,5930.72021484375,5937.33984375,4285810000,5937.33984375,-0.21126894641922966,8.442783829888636,-2.5110573963191962
2025-01-17 00:00:00-05:00,^GSPC,indexes,5995.39990234375,6014.9599609375,5978.43994140625,5996.66015625,4366830000,5996.66015625,0.9991058969353706,9.526242077933938,-1.5370396219058753
2025-01-21 00:00:00-05:00,^GSPC,indexes,6014.1201171875,6051.509765625,6006.8798828125,6049.240234375,4702920000,6049.240234375,0.8768227105582893,10.48659304249431,-0.6736940238227391
2025-01-22 00:00:00-05:00,^GSPC,indexes,6081.39013671875,6100.81005859375,6076.1298828125,6086.3701171875,4323040000,6086.3701171875,0.6137941522227575,11.164753289579295,-0.0640349661220795
2025-01-23 00:00:00-05:00,^GSPC,indexes,6076.31982421875,6118.72998046875,6074.669921875,6118.7099609375,4432250000,6118.7099609375,0.531348622041139,11.755425674378916,0.0
2025-01-24 00:00:00-05:00,^GSPC,indexes,6121.43017578125,6128.18017578125,6088.740234375,6101.240234375,4214250000,6101.240234375,-0.2855132319398823,11.436349146667828,-0.2855132319398796
2025-01-27 00:00:00-05:00,^GSPC,indexes,5969.0400390625,6017.169921875,5962.919921875,6012.27978515625,5198750000,6012.27978515625,-1.4580715690809543,9.811527422138477,-1.7394218137599535
2025-01-28 00:00:00-05:00,^GSPC,indexes,6026.97021484375,6074.5400390625,5994.6298828125,6067.7001953125,4473640000,6067.7001953125,0.9217869449967608,10.823755746017296,-0.8336686319608514
2025-01-29 00:00:00-05:00,^GSPC,indexes,6057.7001953125,6062.830078125,6012.9599609375,6039.31005859375,4115310000,6039.31005859375,-0.4678895760321544,10.305222945114343,-1.2976575593654134
2025-01-30 00:00:00-05:00,^GSPC,indexes,6050.75,6086.64013671875,6027.4599609375,6071.169921875,4634620000,6071.169921875,0.5275414405311762,10.88712870722013,-0.7769618002160701
2025-01-31 00:00:00-05:00,^GSPC,indexes,6096.7900390625,6120.91015625,6030.93017578125,6040.52978515625,4843770000,6040.52978515625,-0.5046825754019935,10.327500690271208,-1.2777231847948443
2025-02-03 00:00:00-05:00,^GSPC,indexes,5969.64990234375,6022.1298828125,5923.93017578125,5994.56982421875,4797210000,5994.56982421875,-0.7608597684666707,9.488063123964146,-2.0288612715960377
2025-02-04 00:00:00-05:00,^GSPC,indexes,5998.14013671875,6042.47998046875,5990.8701171875,6037.8798828125,4410160000,6037.8798828125,0.7224881828679752,10.279101441685818,-1.3210313716621296
2025-02-05 00:00:00-05:00,^GSPC,indexes,6020.4501953125,6062.85986328125,6007.06005859375,6061.47998046875,4756250000,6061.47998046875,0.3908672930614365,10.710146380303405,-0.9353275581636051
2025-02-06 00:00:00-05:00,^GSPC,indexes,6072.22021484375,6084.02978515625,6046.830078125,6083.56982421875,4847120000,6083.56982421875,0.3644298722618622,11.113607225338054,-0.5743062989271986
2025-02-07 00:00:00-05:00,^GSPC,indexes,6083.1298828125,6101.27978515625,6019.9599609375,6025.990234375,4766900000,6025.990234375,-0.9464770111542897,10.061942476685957,-1.515347632988533
2025-02-10 00:00:00-05:00,^GSPC,indexes,6046.39990234375,6073.3798828125,6044.83984375,6066.43994140625,4458760000,6066.43994140625,0.6712541085862833,10.800737787550576,-0.8542653576480566
2025-02-11 00:00:00-05:00,^GSPC,indexes,6049.31982421875,6076.27978515625,6042.33984375,6068.5,4324880000,6068.5,0.03395827888592606,10.838363811096137,-0.8205971725747055
2025-02-12 00:00:00-05:00,^GSPC,indexes,6025.080078125,6063.0,6003.0,6051.97021484375,4627960000,6051.97021484375,-0.27238667143857365,10.536454881234112,-1.0907486466889866
2025-02-13 00:00:00-05:00,^GSPC,indexes,6060.58984375,6116.91015625,6050.9501953125,6115.06982421875,4763800000,6115.06982421875,1.0426292122230674,11.688940249981629,-0.05949189848822747
2025-02-14 00:00:00-05:00,^GSPC,indexes,6115.52001953125,6127.47021484375,6107.6201171875,6114.6298828125,4335190000,6114.6298828125,-0.007194380749464546,11.680904922365002,-0.06668199916400117
2025-02-18 00:00:00-05:00,^GSPC,indexes,6121.60009765625,6129.6298828125,6099.509765625,6129.580078125,4684980000,6129.580078125,0.24449877750611915,11.953963369607948,0.0
2025-02-19 00:00:00-05:00,^GSPC,indexes,6117.759765625,6147.43017578125,6111.14990234375,6144.14990234375,4562330000,6144.14990234375,0.23769693899173827,12.220074513617428,0.0
2025-02-20 00:00:00-05:00,^GSPC,indexes,6134.5,6134.5,6084.58984375,6117.52001953125,4813690000,6117.52001953125,-0.43341850761716705,11.733691941413632,-0.43341850761716855
2025-02-21 00:00:00-05:00,^GSPC,indexes,6114.10009765625,6114.81982421875,6008.56005859375,6013.1298828125,5434560000,6013.1298828125,-1.706412670256352,9.827054065180151,-2.1324352695443034
2025-02-24 00:00:00-05:00,^GSPC,indexes,6026.68994140625,6043.64990234375,5977.830078125,5983.25,4990120000,5983.25,-0.49691065044024096,9.281311736465511,-2.6187496220164332
2025-02-25 00:00:00-05:00,^GSPC,indexes,5982.72998046875,5992.64990234375,5908.490234375,5955.25,5374690000,5955.25,-0.46797309154723576,8.769904603449001,-3.074467669997637
2025-02-26 00:00:00-05:00,^GSPC,indexes,5970.8701171875,6009.81982421875,5932.68994140625,5956.06005859375,4869580000,5956.06005859375,0.013602428004699796,8.784699951413469,-3.0612834442442747
2025-02-27 00:00:00-05:00,^GSPC,indexes,5981.8798828125,5993.68994140625,5858.77978515625,5861.56982421875,5057680000,5861.56982421875,-1.5864553655509872,7.058879242135724,-4.599172914339328
2025-02-28 00:00:00-05:00,^GSPC,indexes,5856.740234375,5959.39990234375,5837.66015625,5954.5,6441140000,5954.5,1.585414463498891,8.756206198100346,-3.086674403425705
2025-03-03 00:00:00-05:00,^GSPC,indexes,5968.330078125,5986.08984375,5810.91015625,5849.72021484375,5613850000,5849.72021484375,-1.75967394669998,6.84245157221307,-4.792032944829141
2025-03-04 00:00:00-05:00,^GSPC,indexes,5811.97998046875,5865.080078125,5732.58984375,5778.14990234375,6138110000,5778.14990234375,-1.2234826602200433,5.535252703473045,-5.956885912897169
2025-03-05 00:00:00-05:00,^GSPC,indexes,5781.35986328125,5860.58984375,5742.35009765625,5842.6298828125,5285970000,5842.6298828125,1.1159277893187936,6.712949915918903,-4.907432668858422
2025-03-06 00:00:00-05:00,^GSPC,indexes,5785.8701171875,5812.080078125,5711.64013671875,5738.52001953125,5165080000,5738.52001953125,-1.7819007085749905,4.8114311052258705,-6.6018877999341825
2025-03-07 00:00:00-05:00,^GSPC,indexes,5726.009765625,5783.009765625,5666.2900390625,5770.2001953125,5705140000,5770.2001953125,0.552061780274804,5.390054957716876,-6.0862725189794435
2025-03-10 00:00:00-04:00,^GSPC,indexes,5705.3701171875,5705.3701171875,5564.02001953125,5614.56005859375,6409370000,5614.56005859375,-2.69730913054258,2.5473593826585326,-8.619416065157889
2025-03-11 00:00:00-04:00,^GSPC,indexes,5603.64990234375,5636.2998046875,5528.41015625,5572.06982421875,6221240000,5572.06982421875,-0.7567865323653167,1.7712947775543066,-9.310972017573564
2025-03-12 00:00:00-04:00,^GSPC,indexes,5624.83984375,5642.18994140625,5546.08984375,5599.2998046875,5219830000,5599.2998046875,0.48868699294464246,2.268637857683557,-8.867786533795526
2025-03-13 00:00:00-04:00,^GSPC,indexes,5594.4501953125,5597.77978515625,5504.64990234375,5521.52001953125,5018980000,5521.52001953125,-1.3890984206835322,0.8480258243479166,-10.133702671788516
2025-03-14 00:00:00-04:00,^GSPC,indexes,5563.85009765625,5645.27001953125,5563.85009765625,5638.93994140625,4863180000,5638.93994140625,2.1265869083087807,2.992646738816358,-8.222617757824926
2025-03-17 00:00:00-04:00,^GSPC,indexes,5635.60009765625,5703.52001953125,5631.1201171875,5675.1201171875,5031770000,5675.1201171875,0.6416130719105961,3.653461023399302,-7.63376207630178
2025-03-18 00:00:00-04:00,^GSPC,indexes,5654.52978515625,5654.52978515625,5597.759765625,5614.66015625,4666270000,5614.66015625,-1.0653512117636543,2.5491876203515496,-8.6177869112824
2025-03-19 00:00:00-04:00,^GSPC,indexes,5632.3701171875,5715.330078125,5622.2001953125,5675.2900390625,4660090000,5675.2900390625,1.0798495567894584,3.656564568361107,-7.630996488259482
2025-03-20 00:00:00-04:00,^GSPC,indexes,5646.919921875,5711.14990234375,5632.330078125,5662.89013671875,4678420000,5662.89013671875,-0.21848931523151816,3.4300860502431822,-7.832812891518458
2025-03-21 00:00:00-04:00,^GSPC,indexes,5630.72998046875,5670.83984375,5603.10009765625,5667.56005859375,9367460000,5667.56005859375,0.08246534476661349,3.5153800272969264,-7.756806902907753
2025-03-24 00:00:00-04:00,^GSPC,indexes,5718.080078125,5775.14013671875,5718.080078125,5767.56982421875,4517990000,5767.56982421875,1.7646000146633645,5.34201243843744,-6.129083503990513
2025-03-25 00:00:00-04:00,^GSPC,indexes,5775.9599609375,5786.9501953125,5760.419921875,5776.64990234375,4467340000,5776.64990234375,0.15743334544251475,5.507855892775733,-5.981299379753305
2025-03-26 00:00:00-04:00,^GSPC,indexes,5771.66015625,5783.6201171875,5694.41015625,5712.2001953125,4183140000,5712.2001953125,-1.1156934922627149,4.330711610754104,-7.030259904083366
2025-03-27 00:00:00-04:00,^GSPC,indexes,5695.64013671875,5732.27978515625,5670.93994140625,5693.31005859375,4403460000,5693.31005859375,-0.3306980860763864,3.9856919442674674,-7.337709055210754
2025-03-28 00:00:00-04:00,^GSPC,indexes,5679.2001953125,5685.89013671875,5572.419921875,5580.93994140625,4513330000,5580.93994140625,-1.973722070834405,1.933303391853587,-9.166605142928848
2025-03-31 00:00:00-04:00,^GSPC,indexes,5527.91015625,5627.56005859375,5488.72998046875,5611.85009765625,5257250000,5611.85009765625,0.5538521570653376,2.497863191457332,-8.663522426177277
2025-04-01 00:00:00-04:00,^GSPC,indexes,5597.52978515625,5650.56982421875,5558.52001953125,5633.06982421875,4434500000,5633.06982421875,0.37812354559083605,2.8854317459117036,-8.318157698757368
2025-04-02 00:00:00-04:00,^GSPC,indexes,5580.759765625,5695.31005859375,5571.47998046875,5670.97021484375,4243830000,5670.97021484375,0.6728194715792668,3.577664964116599,-7.701304411852007
2025-04-03 00:00:00-04:00,^GSPC,indexes,5492.740234375,5499.52978515625,5390.830078125,5396.52001953125,7210470000,5396.52001953125,-4.8395633359901495,-1.4350417337615036,-12.168158243133176
2025-04-04 00:00:00-04:00,^GSPC,indexes,5292.14013671875,5292.14013671875,5069.89990234375,5074.080078125,8853500000,5074.080078125,-5.974960534553109,-7.324259091067997,-17.416076124877108
2025-04-07 00:00:00-04:00,^GSPC,indexes,4953.7900390625,5246.56982421875,4835.0400390625,5062.25,8691980000,5062.25,-0.23314724921273955,-7.5403300316846975,-17.6086182716839
2025-04-08 00:00:00-04:00,^GSPC,indexes,5193.56982421875,5267.47021484375,4910.419921875,4982.77001953125,7408140000,4982.77001953125,-1.5700524562941354,-8.991995351103684,-18.902206184284008
2025-04-09 00:00:00-04:00,^GSPC,indexes,4965.27978515625,5481.33984375,4948.43017578125,5456.89990234375,9489600000,5456.89990234375,9.515387644904848,-0.33223092086816497,-11.185436731252949
2025-04-10 00:00:00-04:00,^GSPC,indexes,5353.14990234375,5353.14990234375,5115.27001953125,5268.0498046875,6677140000,5268.0498046875,-3.4607579584726933,-3.781491171306407,-14.25909379785888
2025-04-11 00:00:00-04:00,^GSPC,indexes,5255.56005859375,5381.4599609375,5220.77001953125,5363.35986328125,5602550000,5363.35986328125,1.8092095201708958,-2.0406967494112185,-12.707861160168951
2025-04-14 00:00:00-04:00,^GSPC,indexes,5441.9599609375,5459.4599609375,5358.02001953125,5405.97021484375,5031440000,5405.97021484375,0.7944712390868913,-1.2624382590753718,-12.014350223102689
2025-04-15 00:00:00-04:00,^GSPC,indexes,5411.990234375,5450.41015625,5386.43994140625,5396.6298828125,4317110000,5396.6298828125,-0.17277808903947145,-1.433035131415509,-12.166370147416174
2025-04-16 00:00:00-04:00,^GSPC,indexes,5335.75,5367.240234375,5220.7900390625,5275.7001953125,4607750000,5275.7001953125,-2.24083715440897,-3.6417603021639913,-14.134578759218924
2025-04-17 00:00:00-04:00,^GSPC,indexes,5305.4501953125,5328.31005859375,5255.580078125,5282.7001953125,4714880000,5282.7001953125,0.13268380955802073,-3.513908518909864,-14.020649247223623
2025-04-21 00:00:00-04:00,^GSPC,indexes,5232.93994140625,5232.93994140625,5101.6298828125,5158.2001953125,4226340000,5158.2001953125,-2.3567493023827546,-5.787843806786847,-16.046966996282908
2025-04-22 00:00:00-04:00,^GSPC,indexes,5207.669921875,5309.60986328125,5207.669921875,5287.759765625,4666950000,5287.759765625,2.5117204723895226,-3.4214977922023255,-13.93830147913662
2025-04-23 00:00:00-04:00,^GSPC,indexes,5395.919921875,5469.68994140625,5356.169921875,5375.85986328125,5371390000,5375.85986328125,1.6661138470960069,-1.8123899936002763,-12.504415603034486
2025-04-24 00:00:00-04:00,^GSPC,indexes,5381.3798828125,5489.39990234375,5371.9599609375,5484.77001953125,4697710000,5484.77001953125,2.0259113708281262,0.1768039622637471,-10.731832609763844
2025-04-25 00:00:00-04:00,^GSPC,indexes,5489.72998046875,5528.10986328125,5455.85986328125,5525.2099609375,4236580000,5525.2099609375,0.7373133469998461,0.9154209084753889,-10.073646496973469
2025-04-28 00:00:00-04:00,^GSPC,indexes,5529.22021484375,5553.66015625,5468.64013671875,5528.75,4257880000,5528.75,0.06407067039131409,0.9800780951796597,-10.016030079425622
2025-04-29 00:00:00-04:00,^GSPC,indexes,5508.8701171875,5571.9501953125,5505.7001953125,5560.830078125,4747150000,5560.830078125,0.5802410694099036,1.5660059802100852,-9.493906130060996
2025-04-30 00:00:00-04:00,^GSPC,indexes,5499.43994140625,5581.83984375,5433.240234375,5569.06005859375,5449490000,5569.06005859375,0.147999135976562,1.7163227915067032,-9.359957893127346
2025-05-01 00:00:00-04:00,^GSPC,indexes,5625.14013671875,5658.91015625,5597.35009765625,5604.14013671875,4935270000,5604.14013671875,0.6299102138585644,2.357044297931755,-8.78900701005045
2025-05-02 00:00:00-04:00,^GSPC,indexes,5645.8798828125,5700.7001953125,5642.27978515625,5686.669921875,4854380000,5686.669921875,1.472657412963474,3.864412898475553,-7.445781560346362
2025-05-05 00:00:00-04:00,^GSPC,indexes,5655.31982421875,5683.3798828125,5634.47998046875,5650.3798828125,4358260000,5650.3798828125,-0.6381597588933863,3.201592011546614,-8.036425337586511
2025-05-06 00:00:00-04:00,^GSPC,indexes,5605.8701171875,5649.580078125,5586.0400390625,5606.91015625,4717260000,5606.91015625,-0.7693239651855532,2.4076374317487654,-8.743923156705769
2025-05-07 00:00:00-04:00,^GSPC,indexes,5614.18017578125,5654.72998046875,5578.64013671875,5631.27978515625,4987440000,5631.27978515625,0.43463562331358396,2.852737505020965,-8.34729173830639
2025-05-08 00:00:00-04:00,^GSPC,indexes,5663.60009765625,5720.10009765625,5635.3798828125,5663.93994140625,5627400000,5663.93994140625,0.5799775094835535,3.4492602504382424,-7.815726643555992
2025-05-09 00:00:00-04:00,^GSPC,indexes,5679.64990234375,5691.68994140625,5644.14990234375,5659.91015625,4645090000,5659.91015625,-0.0711480912216289,3.3756580763871598,-7.881313994455631
2025-05-12 00:00:00-04:00,^GSPC,indexes,5807.2001953125,5845.3701171875,5786.080078125,5844.18994140625,6014580000,5844.18994140625,3.2558782749008364,6.7414436692320265,-4.882041709676991
2025-05-13 00:00:00-04:00,^GSPC,indexes,5854.14990234375,5906.64013671875,5845.02001953125,5886.5498046875,5516290000,5886.5498046875,0.7248200983532183,7.515127106219005,-4.192607630845494
2025-05-14 00:00:00-04:00,^GSPC,indexes,5896.740234375,5906.5498046875,5872.10986328125,5892.580078125,5233450000,5892.580078125,0.1024415597859818,7.625267279432486,-4.094461043712265
2025-05-15 00:00:00-04:00,^GSPC,indexes,5869.81982421875,5924.2099609375,5865.16015625,5916.93017578125,4991290000,5916.93017578125,0.41323320741357694,8.070010623398732,-3.6981475089959095
2025-05-16 00:00:00-04:00,^GSPC,indexes,5929.08984375,5958.6201171875,5907.35986328125,5958.3798828125,4850850000,5958.3798828125,0.7005272294898557,8.827070474728226,-3.0235268097932653
2025-05-19 00:00:00-04:00,^GSPC,indexes,5902.8798828125,5968.60986328125,5895.68994140625,5963.60009765625,4144010000,5963.60009765625,0.08761131291423752,8.92241529997724,-2.938564448413399
2025-05-20 00:00:00-04:00,^GSPC,indexes,5944.66015625,5953.06005859375,5909.259765625,5940.4599609375,4416850000,5940.4599609375,-0.38802294486252054,8.499771336514883,-3.315185088966504
2025-05-21 00:00:00-04:00,^GSPC,indexes,5910.18017578125,5938.3701171875,5830.91015625,5844.60986328125,5254250000,5844.60986328125,-1.613513066101424,6.74911334931005,-4.875207210492006
2025-05-22 00:00:00-04:00,^GSPC,indexes,5841.259765625,5878.080078125,5825.81982421875,5842.009765625,5157050000,5842.009765625,-0.04448710379429954,6.7016237604548445,-4.91752547579439
2025-05-23 00:00:00-04:00,^GSPC,indexes,5781.89013671875,5829.509765625,5767.41015625,5802.81982421875,4662820000,5802.81982421875,-0.6708297825321674,5.985837489824297,-5.5553670328713185
2025-05-27 00:00:00-04:00,^GSPC,indexes,5854.06982421875,5924.330078125,5854.06982421875,5921.5400390625,5366380000,5921.5400390625,2.04590558452733,8.154207657836665,-3.6231190127104997
2025-05-28 00:00:00-04:00,^GSPC,indexes,5925.5400390625,5939.919921875,5881.8798828125,5888.5498046875,4665050000,5888.5498046875,-0.5571225417268844,7.5516561871487555,-4.160056341703979
2025-05-29 00:00:00-04:00,^GSPC,indexes,5939.9599609375,5943.1298828125,5873.7998046875,5912.169921875,4569750000,5912.169921875,0.4011194261904327,7.983066773304948,-3.775623709640594
2025-05-30 00:00:00-04:00,^GSPC,indexes,5903.669921875,5922.14013671875,5843.66015625,5911.68994140625,6378540000,5911.68994140625,-0.008118516130162234,7.974300150611113,-3.7834357011508737
2025-06-02 00:00:00-04:00,^GSPC,indexes,5896.68017578125,5937.39990234375,5861.43017578125,5935.93994140625,4832240000,5935.93994140625,0.41020419271569075,8.41721525688434,-3.38875132031001
2025-06-03 00:00:00-04:00,^GSPC,indexes,5938.56005859375,5981.35009765625,5929.0,5970.3701171875,5026680000,5970.3701171875,0.5800290454605506,9.046066595653752,-2.828378016785689
2025-06-04 00:00:00-04:00,^GSPC,indexes,5978.93994140625,5990.47998046875,5966.10986328125,5970.81005859375,4767050000,5970.81005859375,0.00736874595066439,9.05410192327038,-2.8212176868256047
2025-06-05 00:00:00-04:00,^GSPC,indexes,5985.669921875,5999.7001953125,5921.2001953125,5939.2998046875,5091850000,5939.2998046875,-0.5277383403094138,8.47858161574118,-3.334067379738046
2025-06-06 00:00:00-04:00,^GSPC,indexes,5987.06005859375,6016.8701171875,5978.6298828125,6000.35986328125,4355710000,6000.35986328125,1.0280683010067904,9.593815526714387,-2.340275568596557
2025-06-09 00:00:00-04:00,^GSPC,indexes,6004.6298828125,6021.31005859375,5994.18017578125,6005.8798828125,4642360000,6005.8798828125,0.09199480792858594,9.694636146809806,-2.250433692682294
2025-06-10 00:00:00-04:00,^GSPC,indexes,6009.91015625,6043.009765625,6000.27978515625,6038.81005859375,4882880000,6038.81005859375,0.548298940767844,10.296090674881905,-1.7144738560141088
2025-06-11 00:00:00-04:00,^GSPC,indexes,6049.3798828125,6059.39990234375,6002.31982421875,6022.240234375,5111550000,6022.240234375,-0.2743888954607865,9.993450449942673,-1.9841584255984102
2025-06-12 00:00:00-04:00,^GSPC,indexes,6009.89990234375,6045.43017578125,6003.8798828125,6045.259765625,4669500000,6045.259765625,0.38224199557175265,10.413891609940762,-1.6095007167879698
2025-06-13 00:00:00-04:00,^GSPC,indexes,6000.56005859375,6026.16015625,5963.2099609375,5976.97021484375,5258910000,5976.97021484375,-1.1296379879250695,9.16661434636846,-2.7209571732002757
2025-06-16 00:00:00-04:00,^GSPC,indexes,6004.0,6050.830078125,6004.0,6033.10986328125,5111710000,6033.10986328125,0.9392659896159117,10.191979226939056,-1.8072482089042559
2025-06-17 00:00:00-04:00,^GSPC,indexes,6012.14990234375,6023.25,5974.7998046875,5982.72021484375,4955700000,5982.72021484375,-0.8352184790166306,9.271635454041494,-2.6273722169184213
2025-06-18 00:00:00-04:00,^GSPC,indexes,5987.93017578125,6018.25,5971.89013671875,5980.8701171875,5106470000,5980.8701171875,-0.03092402101070313,9.237844270534943,-2.657483748792737
2025-06-20 00:00:00-04:00,^GSPC,indexes,5999.669921875,6018.2001953125,5952.56005859375,5967.83984375,7451500000,5967.83984375,-0.2178658486505891,8.999852314067335,-2.869559847921267
2025-06-23 00:00:00-04:00,^GSPC,indexes,5969.669921875,6028.77001953125,5943.22998046875,6025.169921875,5597000000,6025.169921875,0.9606504133156335,10.046959845835863,-1.9364758731450196
2025-06-24 00:00:00-04:00,^GSPC,indexes,6061.2099609375,6101.759765625,6059.25,6092.18017578125,5443690000,6092.18017578125,1.112172017970181,11.270871339868139,-0.8458407979706941
2025-06-25 00:00:00-04:00,^GSPC,indexes,6104.22998046875,6108.509765625,6080.08984375,6092.16015625,5171110000,6092.16015625,-0.00032861029504172024,11.270505692329536,-0.8461666287457923
2025-06-26 00:00:00-04:00,^GSPC,indexes,6112.08984375,6146.52001953125,6107.27001953125,6141.02001953125,5308140000,6141.02001953125,0.8020121275230219,12.162908642338204,-0.05094086020437219
2025-06-27 00:00:00-04:00,^GSPC,indexes,6150.7001953125,6187.68017578125,6132.35009765625,6173.06982421875,7889350000,6173.06982421875,0.5218970885222163,12.748283596944399,0.0
2025-06-30 00:00:00-04:00,^GSPC,indexes,6193.35986328125,6215.080078125,6174.97021484375,6204.9501953125,5782900000,6204.9501953125,0.5164427424532603,13.33056392482144,0.0
2025-07-01 00:00:00-04:00,^GSPC,indexes,6187.25,6210.77978515625,6177.97021484375,6198.009765625,6275310000,6198.009765625,-0.1118531087121899,13.203800165950474,-0.11185310871218779
2025-07-02 00:00:00-04:00,^GSPC,indexes,6193.8798828125,6227.60009765625,6188.2900390625,6227.419921875,5645710000,6227.419921875,0.47450967910880326,13.740963154856905,0.0
2025-07-03 00:00:00-04:00,^GSPC,indexes,6246.4599609375,6284.64990234375,6246.4599609375,6279.35009765625,3378110000,6279.35009765625,0.8338955206607324,14.689443951761636,0.0
2025-07-07 00:00:00-04:00,^GSPC,indexes,6259.0400390625,6262.06982421875,6201.0,6229.97998046875,5236740000,6229.97998046875,-0.7862297279128794,13.787721448634905,-0.7862297279128816
2025-07-08 00:00:00-04:00,^GSPC,indexes,6234.02978515625,6242.7001953125,6217.75,6225.52001953125,5739030000,6225.52001953125,-0.07158868810946961,13.70626231162017,-0.857255564474609
2025-07-09 00:00:00-04:00,^GSPC,indexes,6243.330078125,6269.16015625,6231.43017578125,6263.259765625,4813340000,6263.259765625,0.6062103402663555,14.395561431283591,-0.25624199608261483
2025-07-10 00:00:00-04:00,^GSPC,indexes,6266.7998046875,6290.22021484375,6251.43994140625,6280.4599609375,5367350000,6280.4599609375,0.27462050044453346,14.709715094572505,0.0
2025-07-11 00:00:00-04:00,^GSPC,indexes,6255.68017578125,6269.43994140625,6237.60009765625,6259.75,4656210000,6259.75,-0.32975229626984737,14.331457175003552,-0.3297522962698511
2025-07-14 00:00:00-04:00,^GSPC,indexes,6255.14990234375,6273.31005859375,6239.22021484375,6268.56005859375,4722250000,6268.56005859375,0.1407413809457303,14.49236884668702,-0.18947501325959687
2025-07-15 00:00:00-04:00,^GSPC,indexes,6295.2900390625,6302.0400390625,6241.68017578125,6243.759765625,5133670000,6243.759765625,-0.3956298214731202,14.039402892218522,-0.5843552150760256
2025-07-16 00:00:00-04:00,^GSPC,indexes,6254.5,6268.1201171875,6201.58984375,6263.7001953125,5177460000,6263.7001953125,0.3193657417327689,14.403605677132866,-0.2668557037102459
2025-07-17 00:00:00-04:00,^GSPC,indexes,6263.39990234375,6304.68994140625,6262.27001953125,6297.35986328125,5512290000,6297.35986328125,0.537376740890938,15.01838404478237,0.0
2025-07-18 00:00:00-04:00,^GSPC,indexes,6312.9501953125,6315.60986328125,6285.27001953125,6296.7900390625,5184700000,6296.7900390625,-0.009048620868445933,15.007976467281145,-0.009048620868445847
2025-07-21 00:00:00-04:00,^GSPC,indexes,6304.740234375,6336.080078125,6303.7900390625,6305.60009765625,5010840000,6305.60009765625,0.1399134882868358,15.168888138964615,0.0
2025-07-22 00:00:00-04:00,^GSPC,indexes,6306.60009765625,6316.1201171875,6281.7099609375,6309.6201171875,5662040000,6309.6201171875,0.06375316336257875,15.242311948362719,0.0
2025-07-23 00:00:00-04:00,^GSPC,indexes,6326.89990234375,6360.64013671875,6317.490234375,6358.91015625,5642510000,6358.91015625,0.7811886951519131,16.14257186133504,0.0
2025-07-24 00:00:00-04:00,^GSPC,indexes,6368.60009765625,6381.31005859375,6360.56982421875,6363.35009765625,5282720000,6363.35009765625,0.06982236416543941,16.223665350811167,0.0
2025-07-25 00:00:00-04:00,^GSPC,indexes,6370.009765625,6395.81982421875,6368.52978515625,6388.64013671875,4470720000,6388.64013671875,0.397432777929585,16.68557629262648,0.0
2025-07-28 00:00:00-04:00,^GSPC,indexes,6397.68994140625,6401.06982421875,6375.7900390625,6389.77001953125,4565620000,6389.77001953125,0.017685810881817865,16.70621308297595,0.0
2025-07-29 00:00:00-04:00,^GSPC,indexes,6405.6201171875,6409.259765625,6363.919921875,6370.85986328125,5076120000,6370.85986328125,-0.2959442388724254,16.36082776895071,-0.2959442388724225
2025-07-30 00:00:00-04:00,^GSPC,indexes,6381.22998046875,6396.5400390625,6336.3798828125,6362.89990234375,5375070000,6362.89990234375,-0.12494327466496813,16.215442740308912,-0.42051775111416567
2025-07-31 00:00:00-04:00,^GSPC,indexes,6427.02001953125,6427.02001953125,6327.64013671875,6339.39013671875,6077080000,6339.39013671875,-0.36948193411530106,15.786047674731366,-0.7884459481093474
2025-08-01 00:00:00-04:00,^GSPC,indexes,6287.27978515625,6287.27978515625,6212.68994140625,6238.009765625,5827150000,6238.009765625,-1.5992133140148468,13.934381784545488,-2.3750503295482153
2025-08-04 00:00:00-04:00,^GSPC,indexes,6271.7099609375,6330.68994140625,6271.7099609375,6329.93994140625,4842580000,6329.93994140625,1.473710033091602,15.613444200045235,-0.9363416514541333
2025-08-05 00:00:00-04:00,^GSPC,indexes,6336.6298828125,6346.0,6289.3701171875,6299.18994140625,5517410000,6299.18994140625,-0.48578659963033344,15.051809580750316,-1.4175796288149491
2025-08-06 00:00:00-04:00,^GSPC,indexes,6309.2998046875,6352.830078125,6301.10986328125,6345.06005859375,5408560000,6345.06005859375,0.7281907295092482,15.889606192249984,-0.699711582746133
2025-08-07 00:00:00-04:00,^GSPC,indexes,6374.31982421875,6389.7099609375,6310.31982421875,6340.0,5306090000,6340.0,-0.07974800154801898,15.797186547309797,-0.7789015782903107
2025-08-08 00:00:00-04:00,^GSPC,indexes,6355.22021484375,6395.16015625,6355.22021484375,6389.4501953125,4769910000,6389.4501953125,0.7799715348974834,16.700371640590944,-0.005005253988365955
2025-08-11 00:00:00-04:00,^GSPC,indexes,6389.669921875,6407.25,6364.06005859375,6373.4501953125,4652400000,6373.4501953125,-0.25041278217863283,16.40813899315294,-0.2554055023712295
2025-08-12 00:00:00-04:00,^GSPC,indexes,6395.169921875,6446.5498046875,6385.759765625,6445.759765625,5135300000,6445.759765625,1.134543584661274,17.728840066123343,0.0
2025-08-13 00:00:00-04:00,^GSPC,indexes,6462.669921875,6480.27978515625,6445.02001953125,6466.580078125,5195950000,6466.580078125,0.32300788824048965,18.109113506270944,0.0
2025-08-14 00:00:00-04:00,^GSPC,indexes,6453.4599609375,6473.919921875,6441.06982421875,6468.5400390625,4462050000,6468.5400390625,0.030309080129242716,18.14491129212349,0.0
2025-08-15 00:00:00-04:00,^GSPC,indexes,6477.3798828125,6481.33984375,6441.85009765625,6449.7998046875,4575060000,6449.7998046875,-0.2897135097229109,17.80262952306005,-0.2897135097229152
2025-08-18 00:00:00-04:00,^GSPC,indexes,6445.02001953125,6455.35009765625,6437.7001953125,6449.14990234375,4162290000,6449.14990234375,-0.010076318078544588,17.790759355404415,-0.2997606353467089
2025-08-19 00:00:00-04:00,^GSPC,indexes,6446.240234375,6456.47998046875,6400.22021484375,6411.3701171875,4377440000,6411.3701171875,-0.5858103118756786,17.100728940663785,-0.8838149185095833
2025-08-20 00:00:00-04:00,^GSPC,indexes,6406.6201171875,6408.39990234375,6343.85986328125,6395.77978515625,4470390000,6395.77978515625,-0.24316693228262354,16.81597869041818,-1.1248327051678157
2025-08-21 00:00:00-04:00,^GSPC,indexes,6380.830078125,6393.64990234375,6352.7099609375,6370.169921875,4013560000,6370.169921875,-0.40041815293089256,16.348226306217864,-1.5207468237571118
2025-08-22 00:00:00-04:00,^GSPC,indexes,6384.58984375,6478.89013671875,6384.58984375,6466.91015625,5046860000,6466.91015625,1.5186444876893468,18.11514223154158,-0.02519707387845469
2025-08-25 00:00:00-04:00,^GSPC,indexes,6457.669921875,6466.89013671875,6438.06005859375,6439.31982421875,4059070000,6439.31982421875,-0.4266385548063467,17.611217495717465,-0.45172812825295505
2025-08-26 00:00:00-04:00,^GSPC,indexes,6435.490234375,6468.3701171875,6429.2099609375,6465.93994140625,4867680000,6465.93994140625,0.4133995191134998,18.09742170326828,-0.04019605104936226
2025-08-27 00:00:00-04:00,^GSPC,indexes,6462.259765625,6487.06005859375,6457.83984375,6481.39990234375,4143680000,6481.39990234375,0.23909843081744153,18.379790785396644,0.0
2025-08-28 00:00:00-04:00,^GSPC,indexes,6483.83984375,6508.22998046875,6466.9599609375,6501.85986328125,4283760000,6501.85986328125,0.31567194195349924,18.753482569849382,0.0
2025-08-29 00:00:00-04:00,^GSPC,indexes,6489.27978515625,6491.759765625,6444.56982421875,6460.259765625,4234840000,6460.259765625,-0.639818429357164,17.993675902864037,-0.6398184293571648
2025-09-02 00:00:00-04:00,^GSPC,indexes,6401.509765625,6416.5400390625,6360.580078125,6415.5400390625,4784000000,6415.5400390625,-0.6922279936861564,17.176890647485095,-1.327617420766549
2025-09-03 00:00:00-04:00,^GSPC,indexes,6445.81982421875,6453.669921875,6416.169921875,6448.259765625,4465360000,6448.259765625,0.5100073627984258,17.77450141728553,-0.8243810045638233
2025-09-04 00:00:00-04:00,^GSPC,indexes,6456.60009765625,6502.5400390625,6445.97998046875,6502.080078125,4670770000,6502.080078125,0.8346486409699372,18.75750469277402,0.0
2025-09-05 00:00:00-04:00,^GSPC,indexes,6529.080078125,6532.64990234375,6443.97998046875,6481.5,5066120000,6481.5,-0.3165152978388819,18.38161902308966,-0.3165152978388827
2025-09-08 00:00:00-04:00,^GSPC,indexes,6498.08984375,6508.669921875,6483.2900390625,6495.14990234375,5211500000,6495.14990234375,0.21059789159529885,18.630928216788682,-0.10658398078739827
2025-09-09 00:00:00-04:00,^GSPC,indexes,6503.330078125,6518.22998046875,6483.080078125,6512.60986328125,4798350000,6512.60986328125,0.26881536531127015,18.949826379846794,0.0
2025-09-10 00:00:00-04:00,^GSPC,indexes,6550.2900390625,6555.97021484375,6516.33984375,6532.0400390625,5253010000,6532.0400390625,0.2983469943562689,19.304709611643073,0.0
2025-09-11 00:00:00-04:00,^GSPC,indexes,6554.41015625,6592.89013671875,6545.7998046875,6587.47021484375,5426460000,6587.47021484375,0.8485890387959882,20.31711630017487,0.0
2025-09-12 00:00:00-04:00,^GSPC,indexes,6590.66015625,6600.2099609375,6579.490234375,6584.2900390625,4641640000,6584.2900390625,-0.048276131466740146,20.259031850932814,-0.04827613146673532
2025-09-15 00:00:00-04:00,^GSPC,indexes,6603.490234375,6619.6201171875,6602.06982421875,6615.27978515625,5045020000,6615.27978515625,0.4706619226962694,20.825045322458323,0.0
2025-09-16 00:00:00-04:00,^GSPC,indexes,6624.1298828125,6626.990234375,6600.10986328125,6606.759765625,5359510000,6606.759765625,-0.12879303382402618,20.669431080968277,-0.12879303382402232
2025-09-17 00:00:00-04:00,^GSPC,indexes,6604.8701171875,6624.39013671875,6551.14990234375,6600.35009765625,5805340000,6600.35009765625,-0.09701681605103207,20.552361440986626,-0.22568489897434274
2025-09-18 00:00:00-04:00,^GSPC,indexes,6626.85009765625,6656.7998046875,6611.89013671875,6631.9599609375,5292400000,6631.9599609375,0.47891191851283654,21.129701067976196,0.0
2025-09-19 00:00:00-04:00,^GSPC,indexes,6647.10986328125,6671.81982421875,6630.31005859375,6664.35986328125,9125960000,6664.35986328125,0.48854188708296054,21.721470395391627,0.0
2025-09-22 00:00:00-04:00,^GSPC,indexes,6654.27978515625,6698.8798828125,6648.06982421875,6693.75,5642620000,6693.75,0.44100464743330736,22.258267736759457,0.0
2025-09-23 00:00:00-04:00,^GSPC,indexes,6692.43994140625,6699.52001953125,6645.580078125,6656.919921875,5633620000,6656.919921875,-0.5502159197012135,21.585583284520872,-0.5502159197012138
2025-09-24 00:00:00-04:00,^GSPC,indexes,6669.7900390625,6672.66015625,6621.759765625,6637.97021484375,5459180000,6637.97021484375,-0.2846617843333288,21.239475593651076,-0.8333114495798319
2025-09-25 00:00:00-04:00,^GSPC,indexes,6608.18994140625,6619.0,6569.22021484375,6604.72021484375,5874670000,6604.72021484375,-0.500906134312662,20.63217962319397,-1.3300434757236228
2025-09-26 00:00:00-04:00,^GSPC,indexes,6615.3798828125,6648.97021484375,6604.43017578125,6643.7001953125,5103110000,6643.7001953125,0.5901836747171263,21.344131053785503,-0.7477095004668535
2025-09-29 00:00:00-04:00,^GSPC,indexes,6661.580078125,6677.31005859375,6644.490234375,6661.2099609375,5358760000,6661.2099609375,0.263554421636214,21.663938876573802,-0.48612570028011204
2025-09-30 00:00:00-04:00,^GSPC,indexes,6656.18994140625,6691.25,6641.0,6688.4599609375,6057210000,6688.4599609375,0.40908483833717035,22.161647604241654,-0.07902952847805789
2025-10-01 00:00:00-04:00,^GSPC,indexes,6664.919921875,6718.47998046875,6656.2001953125,6711.2001953125,6037950000,6711.2001953125,0.3399920834961989,22.57698753516459,0.0
2025-10-02 00:00:00-04:00,^GSPC,indexes,6731.31005859375,6731.93994140625,6693.22998046875,6715.35009765625,5416130000,6715.35009765625,0.06183547238911569,22.652783594447296,0.0
2025-10-03 00:00:00-04:00,^GSPC,indexes,6722.14013671875,6750.8701171875,6705.669921875,6715.7900390625,5713110000,6715.7900390625,0.006551280273581206,22.66081892206392,0.0
2025-10-06 00:00:00-04:00,^GSPC,indexes,6733.85986328125,6749.52001953125,6717.77978515625,6740.27978515625,5604460000,6740.27978515625,0.36465919796933033,23.10811288056774,0.0
2025-10-07 00:00:00-04:00,^GSPC,indexes,6746.14013671875,6754.490234375,6699.9599609375,6714.58984375,5546150000,6714.58984375,-0.38114057910215715,22.638897906213014,-0.3811405791021547
2025-10-08 00:00:00-04:00,^GSPC,indexes,6723.8701171875,6755.64013671875,6718.08984375,6753.72021484375,5383130000,6753.72021484375,0.5827663640568082,23.353596152460398,0.0
2025-10-09 00:00:00-04:00,^GSPC,indexes,6760.5,6764.580078125,6716.169921875,6735.10986328125,5385020000,6735.10986328125,-0.2755570407195318,23.01368663328156,-0.2755570407195282
2025-10-10 00:00:00-04:00,^GSPC,indexes,6740.490234375,6762.39990234375,6550.77978515625,6552.509765625,6596610000,6552.509765625,-2.711167321141361,19.67857976074879,-2.9792535494217995
2025-10-13 00:00:00-04:00,^GSPC,indexes,6622.52978515625,6668.68017578125,6620.7099609375,6654.72021484375,5303960000,6654.72021484375,1.5598671787557583,21.545406646437737,-1.4658587689553912
2025-10-14 00:00:00-04:00,^GSPC,indexes,6602.490234375,6680.7001953125,6555.06982421875,6644.31005859375,5666920000,6644.31005859375,-0.15643266604626893,21.35526992636394,-1.619998353048909
2025-10-15 00:00:00-04:00,^GSPC,indexes,6688.27001953125,6724.1201171875,6612.10986328125,6671.06005859375,5633060000,6671.06005859375,0.40260011595036893,21.843846383799352,-1.223920352346316
2025-10-16 00:00:00-04:00,^GSPC,indexes,6689.02001953125,6709.33984375,6593.990234375,6629.06982421875,6048180000,6629.06982421875,-0.6294387099829435,21.076914048927563,-1.8456552338522336
2025-10-17 00:00:00-04:00,^GSPC,indexes,6613.27001953125,6678.8798828125,6603.759765625,6664.009765625,5358120000,6664.009765625,0.5270715550257155,21.71507602258239,-1.3283116025680002
2025-10-20 00:00:00-04:00,^GSPC,indexes,6690.0498046875,6744.35009765625,6690.0498046875,6735.1298828125,4672170000,6735.1298828125,1.0672270853256949,23.014052280820163,-0.2752606184424253
2025-10-21 00:00:00-04:00,^GSPC,indexes,6736.75,6752.16015625,6722.02978515625,6735.35009765625,5245020000,6735.35009765625,0.0032696450934288634,23.0180744037448,-0.2719999733942932
2025-10-22 00:00:00-04:00,^GSPC,indexes,6741.33984375,6741.75,6655.68994140625,6699.39990234375,5710010000,6699.39990234375,-0.5337539220865439,22.361460606739474,-0.8043020849547692
2025-10-23 00:00:00-04:00,^GSPC,indexes,6703.64990234375,6749.52978515625,6700.14013671875,6738.43994140625,5565750000,6738.43994140625,0.5827393442932483,23.07450897994682,-0.22624972535753043
2025-10-24 00:00:00-04:00,^GSPC,indexes,6772.06982421875,6807.10986328125,6772.06982421875,6791.68994140625,5058220000,6791.68994140625,0.7902422587873881,24.04709575970143,0.0
2025-10-27 00:00:00-04:00,^GSPC,indexes,6845.4599609375,6877.27978515625,6843.93994140625,6875.16015625,5290650000,6875.16015625,1.2290050865671143,25.571640876326946,0.0
2025-10-28 00:00:00-04:00,^GSPC,indexes,6897.740234375,6911.2998046875,6870.72998046875,6890.89013671875,5695930000,6890.89013671875,0.22879438603986557,25.858941741110126,0.0
2025-10-29 00:00:00-04:00,^GSPC,indexes,6910.9501953125,6920.33984375,6851.91015625,6890.58984375,6280130000,6890.58984375,-0.0043578255173426506,25.853457028031073,-0.004357825517342977
2025-10-30 00:00:00-04:00,^GSPC,indexes,6860.5,6880.75,6820.68994140625,6822.33984375,6052700000,6822.33984375,-0.9904812439519239,24.606902141303333,-0.9947959060248744
2025-10-31 00:00:00-04:00,^GSPC,indexes,6879.169921875,6879.169921875,6814.259765625,6840.2001953125,6398280000,6840.2001953125,0.26179217059763005,24.933113255133513,-0.7356080332226446
2025-11-03 00:00:00-05:00,^GSPC,indexes,6882.31982421875,6882.31982421875,6820.6201171875,6851.97021484375,6065720000,6851.97021484375,0.17207127269924793,25.148087253134406,-0.5648025306282504
2025-11-04 00:00:00-05:00,^GSPC,indexes,6788.52001953125,6820.2099609375,6766.7099609375,6771.5498046875,5739510000,6771.5498046875,-1.1736830084583816,23.6792454176337,-1.7318565477533001
2025-11-05 00:00:00-05:00,^GSPC,indexes,6769.77001953125,6829.77978515625,6763.10986328125,6796.2900390625,5939600000,6796.2900390625,0.36535556982648654,24.131114429486388,-1.3728284122854402
2025-11-06 00:00:00-05:00,^GSPC,indexes,6787.58984375,6796.68017578125,6707.509765625,6720.31982421875,6051900000,6720.31982421875,-1.1178189042419073,22.74355336634744,-2.475301581012012
2025-11-07 00:00:00-05:00,^GSPC,indexes,6696.18017578125,6730.10986328125,6631.43994140625,6728.7998046875,5926070000,6728.7998046875,0.12618418007710464,22.89843631276028,-2.3522408399393364
2025-11-10 00:00:00-05:00,^GSPC,indexes,6785.35986328125,6841.31982421875,6770.56005859375,6832.43017578125,5366050000,6832.43017578125,1.540101862170995,24.791197418992127,-0.8483658827470004
2025-11-11 00:00:00-05:00,^GSPC,indexes,6815.64013671875,6855.1298828125,6806.8701171875,6846.60986328125,4983490000,6846.60986328125,0.2075350517340535,25.050182895115164,-0.64259148758661
2025-11-12 00:00:00-05:00,^GSPC,indexes,6867.77001953125,6869.91015625,6829.6201171875,6850.919921875,5293610000,6850.919921875,0.06295171887717999,25.12890413470669,-0.5800442910962256
2025-11-13 00:00:00-05:00,^GSPC,indexes,6826.47021484375,6828.0498046875,6724.72021484375,6737.490234375,5473720000,6737.490234375,-1.6556854961596978,23.057163017444775,-2.2261260780569456
2025-11-14 00:00:00-05:00,^GSPC,indexes,6672.14013671875,6774.31005859375,6646.8701171875,6734.10986328125,5042660000,6734.10986328125,-0.05017255648851471,22.995422092816682,-2.2751817301814423
2025-11-17 00:00:00-05:00,^GSPC,indexes,6713.60986328125,6754.5,6638.89990234375,6672.41015625,5204220000,6672.41015625,-0.9162266176807821,21.868505297073465,-3.170562527249696
2025-11-18 00:00:00-05:00,^GSPC,indexes,6641.18994140625,6666.6298828125,6574.31982421875,6617.31982421875,5159390000,6617.31982421875,-0.8256436690967983,20.86230569846528,-3.9700286475655022
2025-11-19 00:00:00-05:00,^GSPC,indexes,6625.83984375,6689.75,6603.5,6642.16015625,5021610000,6642.16015625,0.37538357962292324,21.316002948010983,-3.6095479035918614
2025-11-20 00:00:00-05:00,^GSPC,indexes,6737.93017578125,6770.35009765625,6534.0498046875,6538.759765625,5596080000,6538.759765625,-1.5567283563270418,19.427442329356754,-5.110085404168476
2025-11-21 00:00:00-05:00,^GSPC,indexes,6555.77001953125,6660.0498046875,6521.919921875,6602.990234375,5929930000,6602.990234375,0.9823035415319481,20.60058232491904,-4.17797841253699
2025-11-24 00:00:00-05:00,^GSPC,indexes,6636.5400390625,6715.75,6630.7001953125,6705.1201171875,6039740000,6705.1201171875,1.5467217001293498,22.465937702220927,-2.695878411141068
2025-11-25 00:00:00-05:00,^GSPC,indexes,6697.02978515625,6776.39990234375,6659.97998046875,6765.8798828125,5003330000,6765.8798828125,0.9061696817220577,23.57568690011508,-1.8141379622368554
2025-11-26 00:00:00-05:00,^GSPC,indexes,6793.5498046875,6831.43994140625,6783.8701171875,6812.60986328125,4485000000,6812.60986328125,0.6906711511012631,24.4291885193094,-1.135996538681937
2025-11-28 00:00:00-05:00,^GSPC,indexes,6822.52001953125,6850.85986328125,6819.75,6849.08984375,2558540000,6849.08984375,0.5354773163420257,25.095478598738747,-0.6066022261189922
2025-12-01 00:00:00-05:00,^GSPC,indexes,6812.2998046875,6843.64990234375,6799.93994140625,6812.6298828125,4549370000,6812.6298828125,-0.5323329342915684,24.429554166848007,-1.1357060169807809
2025-12-02 00:00:00-05:00,^GSPC,indexes,6830.9599609375,6851.5498046875,6806.7099609375,6829.3701171875,4582290000,6829.3701171875,0.24572352619998128,24.73530685498169,-0.8927731876529978
2025-12-03 00:00:00-05:00,^GSPC,indexes,6815.2900390625,6862.419921875,6810.43017578125,6849.72021484375,4736780000,6849.72021484375,0.29797912994984355,25.106992037088432,-0.597454335480147
2025-12-04 00:00:00-05:00,^GSPC,indexes,6866.47021484375,6866.47021484375,6827.1201171875,6857.1201171875,4872440000,6857.1201171875,0.10803218396737702,25.24214785288198,-0.49006759447960585
2025-12-05 00:00:00-05:00,^GSPC,indexes,6866.31982421875,6895.77978515625,6858.2900390625,6870.39990234375,4944560000,6870.39990234375,0.1936641757662061,25.48469702623316,-0.29735250408094416
2025-12-08 00:00:00-05:00,^GSPC,indexes,6875.2001953125,6878.27001953125,6827.18994140625,6846.509765625,4757130000,6846.509765625,-0.3477255626794018,25.048354657422145,-0.644044096092391
2025-12-09 00:00:00-05:00,^GSPC,indexes,6840.60986328125,6864.919921875,6837.43017578125,6840.509765625,4508050000,6840.509765625,-0.08763589340257116,24.938767414632892,-0.7311155756974487
2025-12-10 00:00:00-05:00,^GSPC,indexes,6833.490234375,6900.669921875,6824.68994140625,6886.68017578125,5526570000,6886.68017578125,0.674955693920154,25.782048739211618,-0.06109458798460348
2025-12-11 00:00:00-05:00,^GSPC,indexes,6861.2998046875,6903.4599609375,6833.4501953125,6901.0,5021060000,6901.0,0.2079350841514227,26.043593748104875,0.0
2025-12-12 00:00:00-05:00,^GSPC,indexes,6886.85009765625,6899.85009765625,6801.7900390625,6827.41015625,4910160000,6827.41015625,-1.0663649289958,24.699509069129142,-1.0663649289957977
2025-12-15 00:00:00-05:00,^GSPC,indexes,6860.18994140625,6861.58984375,6801.490234375,6816.509765625,4975600000,6816.509765625,-0.15965630269072495,24.500418443475887,-1.2243187128677004
2025-12-16 00:00:00-05:00,^GSPC,indexes,6800.1201171875,6819.27001953125,6759.740234375,6800.259765625,4983180000,6800.259765625,-0.23839179519623555,24.20361966092166,-1.459791832705405
2025-12-17 00:00:00-05:00,^GSPC,indexes,6802.8798828125,6812.259765625,6720.43017578125,6721.43017578125,5122120000,6721.43017578125,-1.1592143912241393,22.76383342739096,-2.6020841069229097
2025-12-18 00:00:00-05:00,^GSPC,indexes,6778.06005859375,6816.1298828125,6758.5,6774.759765625,5101190000,6774.759765625,0.7934262269941872,23.73787387906734,-1.8293034976814955
2025-12-19 00:00:00-05:00,^GSPC,indexes,6792.6201171875,6840.02001953125,6792.6201171875,6834.5,8554470000,6834.5,0.8818059450332205,24.829001807190664,-0.9636284596435298
2025-12-22 00:00:00-05:00,^GSPC,indexes,6865.2099609375,6882.02978515625,6855.740234375,6878.490234375,4465030000,6878.490234375,0.6436496360377575,25.632463222992204,-0.326181214679032
2025-12-23 00:00:00-05:00,^GSPC,indexes,6872.41015625,6910.8798828125,6868.81005859375,6909.7900390625,3820560000,6909.7900390625,0.45503887657032394,26.20413977224974,0.0
2025-12-24 00:00:00-05:00,^GSPC,indexes,6904.91015625,6937.31982421875,6904.91015625,6932.0498046875,1798270000,6932.0498046875,0.32214822012188726,26.610704162246197,0.0
2025-12-26 00:00:00-05:00,^GSPC,indexes,6936.02001953125,6945.77001953125,6921.60009765625,6929.93994140625,2586550000,6929.93994140625,-0.030436354912266594,26.572168478970447,-0.0304363549122699
2025-12-29 00:00:00-05:00,^GSPC,indexes,6903.60009765625,6920.2099609375,6888.759765625,6905.740234375,3541750000,6905.740234375,-0.349205148036813,26.13017195066006,-0.37953521763085557
2025-12-30 00:00:00-05:00,^GSPC,indexes,6900.43994140625,6913.25,6893.47021484375,6896.240234375,3309930000,6896.240234375,-0.13756671519022934,25.95665881624374,-0.5165798186892039
2025-12-31 00:00:00-05:00,^GSPC,indexes,6898.81982421875,6901.419921875,6844.5498046875,6845.5,3261830000,6845.5,-0.7357666300846111,25.02991175230429,-1.2485456268501478
2026-01-02 00:00:00-05:00,^GSPC,indexes,6878.10986328125,6894.8701171875,6824.31005859375,6858.47021484375,4184120000,6858.47021484375,0.18947067188299638,25.26680676615609,-1.0614405827551177
2026-01-05 00:00:00-05:00,^GSPC,indexes,6892.18994140625,6920.3798828125,6891.56005859375,6902.0498046875,5771930000,6902.0498046875,0.6354126864826393,26.062767948299935,-0.43277242439478425
2026-01-06 00:00:00-05:00,^GSPC,indexes,6908.02978515625,6948.68994140625,6904.02001953125,6944.81982421875,5509680000,6944.81982421875,0.6196712678341321,26.84394270071196,0.0
2026-01-07 00:00:00-05:00,^GSPC,indexes,6945.06982421875,6965.68994140625,6919.18994140625,6920.93017578125,5214480000,6920.93017578125,-0.3439923431013958,26.407609250133596,-0.34399234310139126
2026-01-08 00:00:00-05:00,^GSPC,indexes,6914.10986328125,6931.27978515625,6899.330078125,6921.4599609375,5333200000,6921.4599609375,0.00765482590914246,26.417285532557617,-0.33636384920724477
2026-01-09 00:00:00-05:00,^GSPC,indexes,6927.830078125,6978.35986328125,6917.64013671875,6966.27978515625,5163900000,6966.27978515625,0.6475487031883276,27.23589902562957,0.0
2026-01-12 00:00:00-05:00,^GSPC,indexes,6944.1201171875,6986.330078125,6934.06982421875,6977.27001953125,5019040000,6977.27001953125,0.1577633215136931,27.436630606090223,0.0
2026-01-13 00:00:00-05:00,^GSPC,indexes,6977.41015625,6985.830078125,6938.77001953125,6963.740234375,5091730000,6963.740234375,-0.19391230550597216,27.18951529762283,-0.19391230550597158
2026-01-14 00:00:00-05:00,^GSPC,indexes,6937.41015625,6941.2998046875,6885.740234375,6926.60009765625,5530830000,6926.60009765625,-0.5333360445499591,26.511167767652218,-0.7262141458358541
2026-01-15 00:00:00-05:00,^GSPC,indexes,6969.4599609375,6979.33984375,6937.93017578125,6944.47021484375,5114050000,6944.47021484375,0.25799262171273263,26.837557246135376,-0.470095103037213
2026-01-16 00:00:00-05:00,^GSPC,indexes,6960.5400390625,6967.2998046875,6925.08984375,6940.009765625,5356550000,6940.009765625,-0.06423023039563436,26.756089190887995,-0.5340233902650829
2026-01-20 00:00:00-05:00,^GSPC,indexes,6865.240234375,6871.169921875,6789.0498046875,6796.85986328125,5769500000,6796.85986328125,-2.062675805627745,24.141522006987614,-2.5856840246254422
2026-01-21 00:00:00-05:00,^GSPC,indexes,6810.7099609375,6910.39013671875,6804.9599609375,6875.6201171875,5835520000,6875.6201171875,1.1587741323274559,25.58004185148218,-1.4568721299190752
2026-01-22 00:00:00-05:00,^GSPC,indexes,6914.43994140625,6934.75,6893.6201171875,6913.35009765625,5307580000,6913.35009765625,0.5487502192628835,26.269162606492618,-0.9161164996634931
2026-01-23 00:00:00-05:00,^GSPC,indexes,6907.85009765625,6932.9599609375,6895.5,6915.60986328125,4871930000,6915.60986328125,0.03268698377891788,26.31043618719156,-0.883728966736226
2026-01-26 00:00:00-05:00,^GSPC,indexes,6923.22998046875,6964.66015625,6921.60009765625,6950.22998046875,4968050000,6950.22998046875,0.5006083031276365,26.942756718461386,-0.38754468419321136
2026-01-27 00:00:00-05:00,^GSPC,indexes,6965.9599609375,6988.81982421875,6958.830078125,6978.60009765625,5331720000,6978.60009765625,0.40818961771371676,27.46092387182573,0.0
2026-01-28 00:00:00-05:00,^GSPC,indexes,7002.0,7002.27978515625,6963.4599609375,6978.02978515625,5507670000,6978.02978515625,-0.008172305219089626,27.45050737609186,-0.008172305219087399
2026-01-29 00:00:00-05:00,^GSPC,indexes,6977.740234375,6992.83984375,6870.7998046875,6969.009765625,6877780000,6969.009765625,-0.1292631274007694,27.28576086436938,-0.1374248688425476
2026-01-30 00:00:00-05:00,^GSPC,indexes,6947.27001953125,6964.08984375,6893.47998046875,6939.02978515625,6697340000,6939.02978515625,-0.4301899620894223,26.738190297961722,-0.56702364294079
2026-02-02 00:00:00-05:00,^GSPC,indexes,6916.64013671875,6991.919921875,6914.33984375,6976.43994140625,5772050000,6976.43994140625,0.539126612916796,27.421469610587156,-0.030954005384625553
2026-02-03 00:00:00-05:00,^GSPC,indexes,6985.4501953125,6993.080078125,6862.0498046875,6917.81005859375,7017660000,6917.81005859375,-0.8403983020698336,26.350621743507347,-0.8710921705187868
2026-02-04 00:00:00-05:00,^GSPC,indexes,6924.5,6936.08984375,6838.7998046875,6882.72021484375,7475750000,6882.72021484375,-0.5072391906223106,25.70972187242932,-1.3739128402657874
2026-02-05 00:00:00-05:00,^GSPC,indexes,6837.39013671875,6857.85009765625,6780.1298828125,6798.39990234375,6989120000,6798.39990234375,-1.2251015567674717,24.169650112762135,-2.5821825694385314
2026-02-06 00:00:00-05:00,^GSPC,indexes,6816.740234375,6944.89013671875,6816.740234375,6932.2998046875,6283680000,6932.2998046875,1.9695796697335899,26.615270297362414,-0.6634610426280174
2026-02-09 00:00:00-05:00,^GSPC,indexes,6917.259765625,6980.10009765625,6905.8701171875,6964.81982421875,5650260000,6964.81982421875,0.4691086716887227,27.20923351000947,-0.19746472422353128
2026-02-10 00:00:00-05:00,^GSPC,indexes,6974.490234375,6986.830078125,6937.52978515625,6941.81005859375,5595950000,6941.81005859375,-0.3303712975458173,26.788970714664355,-0.5271836549977389
2026-02-11 00:00:00-05:00,^GSPC,indexes,6976.47998046875,6993.47998046875,6911.97021484375,6941.47021484375,6175510000,6941.47021484375,-0.004895607156218951,26.782763624740745,-0.5320534533132226
2026-02-12 00:00:00-05:00,^GSPC,indexes,6957.5400390625,6973.22021484375,6824.0400390625,6832.759765625,7118700000,6832.759765625,-1.566101212770199,24.79721722603011,-2.089822170498496
2026-02-13 00:00:00-05:00,^GSPC,indexes,6834.27001953125,6881.9599609375,6794.5498046875,6836.169921875,5718360000,6836.169921875,0.04990891480125548,24.859502162849783,-2.0409562632638156
2026-02-17 00:00:00-05:00,^GSPC,indexes,6819.85986328125,6866.990234375,6775.5,6843.22021484375,5418480000,6843.22021484375,0.10313220779065713,24.988272524066744,-1.9399289387275118
2026-02-18 00:00:00-05:00,^GSPC,indexes,6855.47998046875,6909.1201171875,6849.66015625,6881.31005859375,5098160000,6881.31005859375,0.5566070147410729,25.6839660165394,-1.3941197045403804
2026-02-19 00:00:00-05:00,^GSPC,indexes,6861.33984375,6879.1201171875,6833.06005859375,6861.89013671875,5151690000,6861.89013671875,-0.28221256867719813,25.32927006762874,-1.6723978921889624
2026-02-20 00:00:00-05:00,^GSPC,indexes,6843.259765625,6915.85986328125,6836.330078125,6909.509765625,5432480000,6909.509765625,0.6939724763506794,26.19902070670929,-0.9900313969051453
2026-02-23 00:00:00-05:00,^GSPC,indexes,6901.25,6916.9599609375,6819.81982421875,6837.75,5638350000,6837.75,-1.0385652247284827,24.88836156370151,-2.0183144998314813
2026-02-24 00:00:00-05:00,^GSPC,indexes,6837.3701171875,6899.169921875,6815.43017578125,6890.06982421875,5266090000,6890.06982421875,0.7651614086322311,25.843959110260034,-1.2685964548567947
2026-02-25 00:00:00-05:00,^GSPC,indexes,6915.14990234375,6952.509765625,6915.14990234375,6946.1298828125,5328060000,6946.1298828125,0.8136355657339944,26.867870318908864,-0.46528264106514805
2026-02-26 00:00:00-05:00,^GSPC,indexes,6944.740234375,6947.25,6859.72998046875,6908.85986328125,5889550000,6908.85986328125,-0.5365580569328343,26.187150539053654,-0.9993441864998416
2026-02-27 00:00:00-05:00,^GSPC,indexes,6856.5400390625,6882.9599609375,6831.740234375,6878.8798828125,6665660000,6878.8798828125,-0.43393528110311497,25.639579972645997,-1.428942960598084
2026-03-02 00:00:00-05:00,^GSPC,indexes,6824.35986328125,6901.009765625,6796.85009765625,6881.6201171875,6079080000,6881.6201171875,0.03983547353176853,25.689629094271428,-1.3896767132611674
2026-03-03 00:00:00-05:00,^GSPC,indexes,6800.259765625,6840.0498046875,6710.419921875,6816.6298828125,6442080000,6816.6298828125,-0.9444031095625416,24.502612328707503,-2.3209556727308014
2026-03-04 00:00:00-05:00,^GSPC,indexes,6831.68994140625,6885.93994140625,6811.64013671875,6869.5,5252170000,6869.5,0.7756049264286302,25.4682607234613,-1.563352192840095
2026-03-05 00:00:00-05:00,^GSPC,indexes,6851.080078125,6870.43017578125,6770.77978515625,6830.7099609375,5989300000,6830.7099609375,-0.5646704863891072,24.759778485370173,-2.1191948907979214
2026-03-06 00:00:00-05:00,^GSPC,indexes,6769.02978515625,6773.419921875,6711.56005859375,6740.02001953125,5793120000,6740.02001953125,-1.3276795812569242,23.103368380798546,-3.4187383542026812
2026-03-09 00:00:00-04:00,^GSPC,indexes,6699.7998046875,6810.43994140625,6636.0400390625,6795.990234375,6709410000,6795.990234375,0.8304161513105202,24.125638634639984,-2.6167119583565075
2026-03-10 00:00:00-04:00,^GSPC,indexes,6796.56005859375,6845.080078125,6759.740234375,6781.47998046875,5944950000,6781.47998046875,-0.21351198877325173,23.860615515013667,-2.8246369533870044
2026-03-11 00:00:00-04:00,^GSPC,indexes,6790.08984375,6811.14990234375,6745.58984375,6775.7998046875,5511090000,6775.7998046875,-0.08376012017449197,23.756869714609422,-2.90603115425485
2026-03-12 00:00:00-04:00,^GSPC,indexes,6740.8798828125,6740.8798828125,6670.39990234375,6672.6201171875,6292170000,6672.6201171875,-1.5227676506708532,21.872340137112474,-4.384546702590292
2026-03-13 00:00:00-04:00,^GSPC,indexes,6673.490234375,6733.2998046875,6623.919921875,6632.18994140625,5337120000,6632.18994140625,-0.6059115470564369,21.13390155555381,-4.963891774889655
2026-03-16 00:00:00-04:00,^GSPC,indexes,6674.3701171875,6729.7900390625,6674.3701171875,6699.3798828125,5176290000,6699.3798828125,1.013088316225197,22.36109495920087,-4.001092066265921
2026-03-17 00:00:00-04:00,^GSPC,indexes,6722.35009765625,6754.2998046875,6710.7998046875,6716.08984375,5063390000,6716.08984375,0.24942548757938,22.666294716910322,-3.7616463220813237
2026-03-18 00:00:00-04:00,^GSPC,indexes,6697.16015625,6705.18017578125,6621.66015625,6624.7001953125,5275480000,6624.7001953125,-1.3607567880073446,20.99710478495287,-5.071216252420118
2026-03-19 00:00:00-04:00,^GSPC,indexes,6583.1201171875,6636.740234375,6557.81982421875,6606.490234375,5973390000,6606.490234375,-0.2748797741878972,20.664508216546103,-5.3321562788247805
2026-03-20 00:00:00-04:00,^GSPC,indexes,6594.66015625,6594.66015625,6473.52001953125,6506.47998046875,10025820000,6506.47998046875,-1.5138182356779217,18.83786688717294,-6.76525536039901
2026-03-23 00:00:00-04:00,^GSPC,indexes,6574.9599609375,6651.6201171875,6565.5498046875,6581.0,6020650000,6581.0,1.1453200463990454,20.198940799344758,-5.69741913983269
2026-03-24 00:00:00-04:00,^GSPC,indexes,6552.08984375,6595.75,6525.10986328125,6556.3701171875,5278580000,6556.3701171875,-0.37425745042546366,19.749087308070713,-6.050353574645367
2026-03-25 00:00:00-04:00,^GSPC,indexes,6598.35009765625,6633.93994140625,6568.41015625,6591.89990234375,4936720000,6591.89990234375,0.5419124381509377,20.398022506765372,-5.5412287550675465
2026-03-26 00:00:00-04:00,^GSPC,indexes,6555.85986328125,6573.22021484375,6473.7900390625,6477.16015625,4845560000,6477.16015625,-1.7406172392416708,18.30235377130655,-7.185394411332692
2026-03-27 00:00:00-04:00,^GSPC,indexes,6453.89013671875,6453.89013671875,6356.080078125,6368.85009765625,5303490000,6368.85009765625,-1.6721843521074309,16.32412032336798,-8.737425722456619
2026-03-30 00:00:00-04:00,^GSPC,indexes,6403.3701171875,6427.31005859375,6316.91015625,6343.72021484375,5458640000,6343.72021484375,-0.39457488286226416,15.865134561861499,-9.097524918009318
2026-03-31 00:00:00-04:00,^GSPC,indexes,6395.8798828125,6539.0498046875,6395.8798828125,6528.52001953125,6396100000,6528.52001953125,2.913114047102594,19.240418072477404,-6.449432147231915
2026-04-01 00:00:00-04:00,^GSPC,indexes,6556.56005859375,6609.669921875,6554.2900390625,6575.31982421875,5637260000,6575.31982421875,0.7168516684867399,20.095194998940514,-5.778813340700536
2026-04-02 00:00:00-04:00,^GSPC,indexes,6512.60986328125,6601.91015625,6474.93994140625,6582.68994140625,4740740000,6582.68994140625,0.11208758485563575,20.22980680254248,-5.673203088151816
2026-04-06 00:00:00-04:00,^GSPC,indexes,6587.66015625,6618.1298828125,6579.72021484375,6611.830078125,3906440000,6611.830078125,0.44267825126402816,20.76203800879409,-5.255638873109079
2026-04-07 00:00:00-04:00,^GSPC,indexes,6601.93017578125,6618.259765625,6534.5498046875,6616.85009765625,4555680000,6616.85009765625,0.07592481161695641,20.85372635865707,-5.183704395405793
2026-04-08 00:00:00-04:00,^GSPC,indexes,6754.35986328125,6793.5,6740.27978515625,6782.81005859375,5904880000,6782.81005859375,2.5081414644149813,23.884908780749175,-2.805577570324681
2026-04-09 00:00:00-04:00,^GSPC,indexes,6783.68994140625,6835.31005859375,6761.5498046875,6824.66015625,4912410000,6824.66015625,0.6170023529293189,24.649281582850737,-2.2058856970175214
2026-04-10 00:00:00-04:00,^GSPC,indexes,6839.240234375,6845.77001953125,6808.4599609375,6816.89013671875,4393220000,6816.89013671875,-0.11385210916523558,24.50736574670935,-2.317226358790927
2026-04-13 00:00:00-04:00,^GSPC,indexes,6806.47021484375,6887.0,6790.02001953125,6886.240234375,4785840000,6886.240234375,1.01732749487482,25.774013411594986,-1.3234726447825673
2026-04-14 00:00:00-04:00,^GSPC,indexes,6910.2001953125,6969.419921875,6905.169921875,6967.3798828125,5032380000,6967.3798828125,1.1782866364792755,27.255991803787467,-0.16078030961422032
2026-04-15 00:00:00-04:00,^GSPC,indexes,6978.169921875,7026.240234375,6967.1298828125,7022.9501953125,5278610000,7022.9501953125,0.7975783355387733,28.270958025089488,0.0
2026-04-16 00:00:00-04:00,^GSPC,indexes,7037.77978515625,7051.22998046875,7008.52001953125,7041.27978515625,5173650000,7041.27978515625,0.26099558353673835,28.605739560495223,0.0
2026-04-17 00:00:00-04:00,^GSPC,indexes,7074.5498046875,7147.52001953125,7074.5498046875,7126.06005859375,6145300000,7126.06005859375,1.2040463669150903,30.154212295317645,0.0
2026-04-20 00:00:00-04:00,^GSPC,indexes,7117.0498046875,7122.64990234375,7084.41015625,7109.14013671875,4661130000,7109.14013671875,-0.23743726176704838,29.845177697569174,-0.23743726176704383
2026-04-21 00:00:00-04:00,^GSPC,indexes,7122.64013671875,7137.27001953125,7050.2001953125,7064.009765625,5160270000,7064.009765625,-0.6348217959672997,29.02089220853254,-0.8707517542448967
2026-04-22 00:00:00-04:00,^GSPC,indexes,7102.91015625,7138.64013671875,7102.91015625,7137.89990234375,4919460000,7137.89990234375,1.0460084168953943,30.37046160058732,0.0
2026-04-23 00:00:00-04:00,^GSPC,indexes,7118.7998046875,7147.77978515625,7046.5498046875,7108.39990234375,5307260000,7108.39990234375,-0.4132868267081369,29.831657656873496,-0.4132868267081413
2026-04-24 00:00:00-04:00,^GSPC,indexes,7136.47998046875,7168.58984375,7112.81982421875,7165.080078125,4608830000,7165.080078125,0.7973689797975636,30.866895020986384,0.0
2026-04-27 00:00:00-04:00,^GSPC,indexes,7152.72021484375,7178.740234375,7146.72021484375,7173.91015625,4783750000,7173.91015625,0.12323767534654362,31.02817234020846,0.0
2026-04-28 00:00:00-04:00,^GSPC,indexes,7133.740234375,7152.52001953125,7115.169921875,7138.7998046875,4900650000,7138.7998046875,-0.48941721875219724,30.386897903359177,-0.48941721875219507
2026-04-29 00:00:00-04:00,^GSPC,indexes,7131.60986328125,7145.6298828125,7107.85986328125,7135.9501953125,5123100000,7135.9501953125,-0.03991720531409948,30.3348510976204,-0.5291390623902477
2026-04-30 00:00:00-04:00,^GSPC,indexes,7161.75,7219.830078125,7126.14990234375,7209.009765625,5723790000,7209.009765625,1.0238239941821936,31.66925057593947,0.0
2026-05-01 00:00:00-04:00,^GSPC,indexes,7234.5400390625,7272.52001953125,7229.31982421875,7230.1201171875,4847390000,7230.1201171875,0.2928328889657106,32.05482144628049,0.0
2026-05-04 00:00:00-04:00,^GSPC,indexes,7228.3798828125,7244.5400390625,7174.1201171875,7200.75,5215480000,7200.75,-0.4062189384334225,31.518389752451263,-0.4062189384334172
2026-05-05 00:00:00-04:00,^GSPC,indexes,7233.6201171875,7273.259765625,7233.6201171875,7259.22021484375,5279760000,7259.22021484375,0.8120017337603702,32.58632135745489,0.0
2026-05-06 00:00:00-04:00,^GSPC,indexes,7294.14013671875,7369.22021484375,7294.14013671875,7365.1201171875,6579640000,7365.1201171875,1.4588330317794274,34.52053440903867,0.0
2026-05-07 00:00:00-04:00,^GSPC,indexes,7376.77978515625,7385.02001953125,7321.25,7337.10986328125,6237040000,7337.10986328125,-0.3803095327784889,34.00893999313653,-0.38030953277848517
2026-05-08 00:00:00-04:00,^GSPC,indexes,7362.97021484375,7401.5,7362.97021484375,7398.93017578125,5302740000,7398.93017578125,0.8425703533400997,35.13805959234402,0.0
2026-05-11 00:00:00-04:00,^GSPC,indexes,7385.31005859375,7428.97021484375,7384.2001953125,7412.83984375,5821910000,7412.83984375,0.18799566475542484,35.39211328581223,0.0
2026-05-12 00:00:00-04:00,^GSPC,indexes,7390.6298828125,7409.56982421875,7338.5400390625,7400.9599609375,5624790000,7400.9599609375,-0.16026088601545085,35.17513268546535,-0.16026088601544933
2026-05-13 00:00:00-04:00,^GSPC,indexes,7409.1201171875,7460.0400390625,7375.1298828125,7444.25,5716600000,7444.25,0.5849246488426552,35.96580535564841,0.0
2026-05-14 00:00:00-04:00,^GSPC,indexes,7454.39990234375,7517.1201171875,7454.39990234375,7501.240234375,5267050000,7501.240234375,0.7655604577358366,37.00670579749333,0.0
2026-05-15 00:00:00-04:00,^GSPC,indexes,7445.10986328125,7454.85009765625,7397.5,7408.5,5582070000,7408.5,-1.2363320128051747,35.31284803402912,-1.2363320128051742
2026-05-18 00:00:00-04:00,^GSPC,indexes,7415.06982421875,7434.06005859375,7353.169921875,7403.0498046875,5489500000,7403.0498046875,-0.07356678561787344,35.213302721202496,-1.30898926870166
2026-05-19 00:00:00-04:00,^GSPC,indexes,7375.75,7395.31982421875,7333.68017578125,7353.60986328125,5441140000,7353.60986328125,-0.6678320788135905,34.31030491080697,-1.9680794972706337
2026-05-20 00:00:00-04:00,^GSPC,indexes,7369.18994140625,7435.68994140625,7357.4599609375,7432.97021484375,5384150000,7432.97021484375,1.0792026370445518,35.75978526322699,-0.9101164260597532
2026-05-21 00:00:00-04:00,^GSPC,indexes,7410.77978515625,7465.9599609375,7389.47998046875,7445.72021484375,5440620000,7445.72021484375,0.1715330430698936,35.99265815415415,-0.7401445333909626
2026-05-22 00:00:00-04:00,^GSPC,indexes,7468.81982421875,7506.31982421875,7463.2900390625,7473.47021484375,4952440000,7473.47021484375,0.372697324090665,36.49949915205444,-0.37020570817065407
2026-05-26 00:00:00-04:00,^GSPC,indexes,7511.7900390625,7539.08984375,7501.10009765625,7519.1201171875,5496060000,7519.1201171875,0.6108260424063872,37.33327364062947,0.0
2026-05-27 00:00:00-04:00,^GSPC,indexes,7526.009765625,7530.72021484375,7499.72021484375,7520.35986328125,5524250000,7520.35986328125,0.016487914469087706,37.355917033324936,0.0
2026-05-28 00:00:00-04:00,^GSPC,indexes,7519.81982421875,7568.72021484375,7508.0400390625,7563.6298828125,5494860000,7563.6298828125,0.5753716619668614,38.146224055969405,0.0
2026-05-29 00:00:00-04:00,^GSPC,indexes,7579.330078125,7599.3798828125,7563.5498046875,7580.06005859375,7858290000,7580.06005859375,0.21722606785117282,38.446313666371054,0.0
2026-06-01 00:00:00-04:00,^GSPC,indexes,7582.2900390625,7617.66015625,7562.60986328125,7599.9599609375,6583960000,7599.9599609375,0.26252961308912415,38.80977623797555,0.0
2026-06-02 00:00:00-04:00,^GSPC,indexes,7595.39990234375,7620.89990234375,7582.990234375,7609.77978515625,5904410000,7609.77978515625,0.12920889411551784,38.98913081477687,0.0
2026-06-03 00:00:00-04:00,^GSPC,indexes,7605.31005859375,7605.35009765625,7551.22021484375,7553.68017578125,5753860000,7553.68017578125,-0.7372041104846239,37.96449722928348,-0.7372041104846258
2026-06-04 00:00:00-04:00,^GSPC,indexes,7516.5400390625,7598.18994140625,7516.5400390625,7584.31005859375,5398910000,7584.31005859375,0.4054961568363158,38.523937963346775,-0.33469728798435966
2026-06-05 00:00:00-04:00,^GSPC,indexes,7537.35986328125,7541.81005859375,7368.6298828125,7383.740234375,5591290000,7383.740234375,-2.6445361894386843,34.86062229287048,-2.970382286517228
2026-06-08 00:00:00-04:00,^GSPC,indexes,7440.56982421875,7466.81005859375,7395.1298828125,7405.72998046875,4898180000,7405.72998046875,0.29781310549599205,35.262254900212106,-2.6814153687538056
2026-06-09 00:00:00-04:00,^GSPC,indexes,7438.66015625,7483.14990234375,7237.85009765625,7386.64990234375,6006390000,7386.64990234375,-0.25763939780845124,34.91376604122507,-2.9321463841534614
2026-06-10 00:00:00-04:00,^GSPC,indexes,7350.5400390625,7396.56005859375,7265.93017578125,7266.990234375,5247300000,7266.990234375,-1.6199450298948426,32.728237193596286,-4.504592254428971
2026-06-11 00:00:00-04:00,^GSPC,indexes,7287.669921875,7412.68017578125,7257.330078125,7394.2998046875,5658920000,7394.2998046875,1.7518885564244746,35.053487992134826,-2.8316191342234167
2026-06-12 00:00:00-04:00,^GSPC,indexes,7410.85009765625,7456.39990234375,7363.009765625,7431.4599609375,4950530000,7431.4599609375,0.5025513873057053,35.73220116964405,-2.3432980881599663
2026-06-15 00:00:00-04:00,^GSPC,indexes,7516.75,7577.919921875,7516.75,7554.2900390625,5674670000,7554.2900390625,1.6528391294663436,37.975636101861916,-0.7291899064147576
2026-06-16 00:00:00-04:00,^GSPC,indexes,7548.77978515625,7564.9599609375,7508.68017578125,7511.35009765625,5286210000,7511.35009765625,-0.5684179609759754,37.191357804488085,-1.293463020993044
2026-06-17 00:00:00-04:00,^GSPC,indexes,7524.5,7532.169921875,7402.60986328125,7420.10009765625,5883740000,7420.10009765625,-1.2148282108228825,35.524718487068206,-2.4925778781403376
2026-06-18 00:00:00-04:00,^GSPC,indexes,7487.35986328125,7511.06982421875,7468.31982421875,7500.580078125,9061110000,7500.580078125,1.0846212235623431,36.99464834695207,-1.4349916832581224
2026-06-22 00:00:00-04:00,^GSPC,indexes,7500.43994140625,7530.009765625,7460.009765625,7472.7900390625,5976740000,7472.7900390625,-0.3705051979052687,36.48707605397457,-1.800180162387409
2026-06-23 00:00:00-04:00,^GSPC,indexes,7366.509765625,7424.169921875,7347.60009765625,7365.4599609375,5640530000,7365.4599609375,-1.4362785193208105,34.526741498962274,-3.2106030807267762
2026-06-24 00:00:00-04:00,^GSPC,indexes,7370.8798828125,7428.06005859375,7336.81982421875,7358.22021484375,5994860000,7358.22021484375,-0.09829319733113406,34.39451086347756,-3.3057404736362526
2026-06-25 00:00:00-04:00,^GSPC,indexes,7404.91015625,7419.080078125,7323.5,7357.490234375,5565760000,7357.490234375,-0.00992061187945481,34.3811781056675,-3.3153331358335723
2026-06-26 00:00:00-04:00,^GSPC,indexes,7312.740234375,7392.9501953125,7294.18017578125,7354.02001953125,9105600000,7354.02001953125,-0.04716574175711585,34.31779622623202,-3.3609351761254485
2026-06-29 00:00:00-04:00,^GSPC,indexes,7391.8798828125,7444.31982421875,7348.8798828125,7440.43017578125,3659177000,7440.43017578125,1.1750057250389023,35.89603802163634,-2.225420631820856
