date,symbol,asset_type,open,high,low,close,volume,daily_return,cumulative_return,drawdown
2025-06-30 00:00:00,solana,crypto,153.31879559308874,153.31879559308874,153.31879559308874,153.31879559308874,0,,0.0,0.0
2025-07-01 00:00:00,solana,crypto,154.9374500694811,154.9374500694811,154.9374500694811,154.9374500694811,0,1.055744320277796,1.0557443202777912,0.0
2025-07-02 00:00:00,solana,crypto,146.84115991278014,146.84115991278014,146.84115991278014,146.84115991278014,0,-5.225521752855878,-4.224945581688741,-5.225521752855876
2025-07-03 00:00:00,solana,crypto,152.1680329188485,152.1680329188485,152.1680329188485,152.1680329188485,0,3.627642964160982,-0.7505685586615152,-1.7874420609030657
2025-07-04 00:00:00,solana,crypto,152.28063806980848,152.28063806980848,152.28063806980848,152.28063806980848,0,0.07400053007193819,-0.6771234533015466,-1.7147642474309315
2025-07-05 00:00:00,solana,crypto,147.76302956048175,147.76302956048175,147.76302956048175,147.76302956048175,0,-2.9666335566940316,-3.623669238409686,-4.630527032542482
2025-07-06 00:00:00,solana,crypto,147.60067170952217,147.60067170952217,147.60067170952217,147.60067170952217,0,-0.10987718067402286,-3.7295648334875926,-4.735316320662799
2025-07-07 00:00:00,solana,crypto,151.92103968743746,151.92103968743746,151.92103968743746,151.92103968743746,0,2.9270652551078857,-0.911666374787442,-1.9468568642964847
2025-07-08 00:00:00,solana,crypto,148.79005045485957,148.79005045485957,148.79005045485957,148.79005045485957,0,-2.060931941368749,-2.9538094926394756,-3.9676654106962155
2025-07-09 00:00:00,solana,crypto,151.83083400485827,151.83083400485827,151.83083400485827,151.83083400485827,0,2.043673982704397,-0.9705017460348063,-2.00507757371098
2025-07-10 00:00:00,solana,crypto,157.20772193763892,157.20772193763892,157.20772193763892,157.20772193763892,0,3.541367580585497,2.5364968003476083,0.0
2025-07-11 00:00:00,solana,crypto,163.85821380442644,163.85821380442644,163.85821380442644,163.85821380442644,0,4.230384986702895,6.874185366880613,0.0
2025-07-12 00:00:00,solana,crypto,162.75319398002793,162.75319398002793,162.75319398002793,162.75319398002793,0,-0.6743756072658091,6.1534519303023245,-0.6743756072658104
2025-07-13 00:00:00,solana,crypto,160.46917812212587,160.46917812212587,160.46917812212587,160.46917812212587,0,-1.4033616189322529,4.663735128740767,-2.0682732977582488
2025-07-14 00:00:00,solana,crypto,161.2426294578984,161.2426294578984,161.2426294578984,161.2426294578984,0,0.4819937042264355,5.168207742669519,-1.5962485406132148
2025-07-15 00:00:00,solana,crypto,162.28222240485653,162.28222240485653,162.28222240485653,162.28222240485653,0,0.6447382745203623,5.846267430613602,-0.961801891390654
2025-07-16 00:00:00,solana,crypto,163.96583057213138,163.96583057213138,163.96583057213138,163.96583057213138,0,1.0374569329440364,6.944376870334995,0.0
2025-07-17 00:00:00,solana,crypto,173.8289647474319,173.8289647474319,173.8289647474319,173.8289647474319,0,6.015359505626727,13.37746561013797,0.0
2025-07-18 00:00:00,solana,crypto,176.0976453468298,176.0976453468298,176.0976453468298,176.0976453468298,0,1.3051223095611464,14.857180207830883,0.0
2025-07-19 00:00:00,solana,crypto,177.36979874415755,177.36979874415755,177.36979874415755,177.36979874415755,0,0.7224136329717412,15.686924136099186,0.0
2025-07-20 00:00:00,solana,crypto,176.91082733883786,176.91082733883786,176.91082733883786,176.91082733883786,0,-0.25876525122617844,15.38756657622257,-0.2587652512261789
2025-07-21 00:00:00,solana,crypto,180.99223128612934,180.99223128612934,180.99223128612934,180.99223128612934,0,2.307040223984913,18.049604150613387,0.0
2025-07-22 00:00:00,solana,crypto,196.42381167802614,196.42381167802614,196.42381167802614,196.42381167802614,0,8.526100972533524,28.114632598170815,0.0
2025-07-23 00:00:00,solana,crypto,205.2909062553001,205.2909062553001,205.2909062553001,205.2909062553001,0,4.514266626598573,33.8980687013394,0.0
2025-07-24 00:00:00,solana,crypto,189.5923023530127,189.5923023530127,189.5923023530127,189.5923023530127,0,-7.647004043503303,23.658877973575148,-7.647004043503304
2025-07-25 00:00:00,solana,crypto,182.56084286755046,182.56084286755046,182.56084286755046,182.56084286755046,0,-3.708726250061556,19.072708705637584,-11.072123847260182
2025-07-26 00:00:00,solana,crypto,186.17182549934944,186.17182549934944,186.17182549934944,186.17182549934944,0,1.9779611964317878,21.42792067937536,-9.313164964148061
2025-07-27 00:00:00,solana,crypto,184.9395837508933,184.9395837508933,184.9395837508933,184.9395837508933,0,-0.6618841197646441,20.624208555438162,-9.913406723967528
2025-07-28 00:00:00,solana,crypto,188.5758287219798,188.5758287219798,188.5758287219798,188.5758287219798,0,1.9661799260802804,22.995897530048413,-8.14214221088458
2025-07-29 00:00:00,solana,crypto,183.03025266261037,183.03025266261037,183.03025266261037,183.03025266261037,0,-2.940767168811098,19.378874556500204,-10.84346793472008
2025-07-30 00:00:00,solana,crypto,181.16776459533068,181.16776459533068,181.16776459533068,181.16776459533068,0,-1.017584820096873,18.16409325061076,-11.750711271141173
2025-07-31 00:00:00,solana,crypto,177.8780960276323,177.8780960276323,177.8780960276323,177.8780960276323,0,-1.8158134119755975,16.018453797226826,-13.353153691852857
2025-08-01 00:00:00,solana,crypto,172.1630467364299,172.1630467364299,172.1630467364299,172.1630467364299,0,-3.212902217209812,12.29089432280318,-16.137032138029696
2025-08-02 00:00:00,solana,crypto,162.79127248081605,162.79127248081605,162.79127248081605,162.79127248081605,0,-5.4435457743504,6.178288089913947,-20.702151181324822
2025-08-03 00:00:00,solana,crypto,158.53125175932496,158.53125175932496,158.53125175932496,158.53125175932496,0,-2.6168606317596654,3.399750269412623,-22.777265368893033
2025-08-04 00:00:00,solana,crypto,161.90312387611363,161.90312387611363,161.90312387611363,161.90312387611363,0,2.1269447376266903,5.599005816487023,-21.134780478405286
2025-08-05 00:00:00,solana,crypto,169.41522028427192,169.41522028427192,169.41522028427192,169.41522028427192,0,4.639871194768586,10.49866366932821,-17.4755358751318
2025-08-06 00:00:00,solana,crypto,164.08356857308905,164.08356857308905,164.08356857308905,164.08356857308905,0,-3.1470913311310356,7.021169803975141,-20.07265613166787
2025-08-07 00:00:00,solana,crypto,168.1731958529984,168.1731958529984,168.1731958529984,168.1731958529984,0,2.492405129577402,9.688570929903168,-18.080542913158588
2025-08-08 00:00:00,solana,crypto,175.3851480311338,175.3851480311338,175.3851480311338,175.3851480311338,0,4.2884076392527115,14.39246398504827,-14.567502657412126
2025-08-09 00:00:00,solana,crypto,176.79535226118225,176.79535226118225,176.79535226118225,176.79535226118225,0,0.804061373428322,15.312249602064954,-13.880572945925195
2025-08-10 00:00:00,solana,crypto,180.38638312645054,180.38638312645054,180.38638312645054,180.38638312645054,0,2.03117945089597,17.654448320347978,-12.131332840373476
2025-08-11 00:00:00,solana,crypto,182.9089507475702,182.9089507475702,182.9089507475702,182.9089507475702,0,1.398424635717288,19.29975711067699,-10.90255575173683
2025-08-12 00:00:00,solana,crypto,175.04512640796176,175.04512640796176,175.04512640796176,175.04512640796176,0,-4.299310836057002,14.170689725827978,-14.73313182695225
2025-08-13 00:00:00,solana,crypto,192.59412792428108,192.59412792428108,192.59412792428108,192.59412792428108,0,10.02541566077051,25.616775933610835,-6.184773871682982
2025-08-14 00:00:00,solana,crypto,201.8186877395025,201.8186877395025,201.8186877395025,201.8186877395025,0,4.7896371060949905,31.633363645207265,-1.6913649898741847
2025-08-15 00:00:00,solana,crypto,192.75680405400084,192.75680405400084,192.75680405400084,192.75680405400084,0,-4.490111290981291,25.722879121475355,-6.105532110473427
2025-08-16 00:00:00,solana,crypto,185.5996951638033,185.5996951638033,185.5996951638033,185.5996951638033,0,-3.7130252938788577,21.05475681950224,-9.591857452764506
2025-08-17 00:00:00,solana,crypto,189.76942306167987,189.76942306167987,189.76942306167987,189.76942306167987,0,2.2466243245693684,23.774402432257464,-7.560726130906974
2025-08-18 00:00:00,solana,crypto,191.64098987374877,191.64098987374877,191.64098987374877,191.64098987374877,0,0.9862320187697282,24.995105220085296,-6.64906041409173
2025-08-19 00:00:00,solana,crypto,183.0130381229085,183.0130381229085,183.0130381229085,183.0130381229085,0,-4.5021431774717176,19.367646618245626,-10.851853371764449
2025-08-20 00:00:00,solana,crypto,176.4002245667356,176.4002245667356,176.4002245667356,176.4002245667356,0,-3.6133018849355714,15.054533192985325,-14.073045034267611
2025-08-21 00:00:00,solana,crypto,187.2669439751863,187.2669439751863,187.2669439751863,187.2669439751863,0,6.160263931149146,22.14219610242482,-8.77971782037883
2025-08-22 00:00:00,solana,crypto,180.24297051206173,180.24297051206173,180.24297051206173,180.24297051206173,0,-3.750781271923398,17.560909485899113,-12.20119108056774
2025-08-23 00:00:00,solana,crypto,200.2605865005056,200.2605865005056,200.2605865005056,200.2605865005056,0,11.105906616815497,30.617114311282066,-2.4503373512993134
2025-08-24 00:00:00,solana,crypto,204.01931609622184,204.01931609622184,204.01931609622184,204.01931609622184,0,1.87691929869922,33.06869213719454,-0.6194089072298664
2025-08-25 00:00:00,solana,crypto,205.88090746426144,205.88090746426144,205.88090746426144,205.88090746426144,0,0.912458390538684,34.282888583780455,0.0
2025-08-26 00:00:00,solana,crypto,187.18525315161807,187.18525315161807,187.18525315161807,187.18525315161807,0,-9.08081013577654,22.088914426650998,-9.080810135776538
2025-08-27 00:00:00,solana,crypto,195.9857969070515,195.9857969070515,195.9857969070515,195.9857969070515,0,4.701515534615908,27.828943704463917,-4.806230300363141
2025-08-28 00:00:00,solana,crypto,203.29341765413957,203.29341765413957,203.29341765413957,203.29341765413957,0,3.728648127779266,32.595235220660435,-1.256789588695117
2025-08-29 00:00:00,solana,crypto,214.54958917125032,214.54958917125032,214.54958917125032,214.54958917125032,0,5.536908989478806,39.936912719213744,0.0
2025-08-30 00:00:00,solana,crypto,205.08335316941142,205.08335316941142,205.08335316941142,205.08335316941142,0,-4.412143616030462,33.762695158202845,-4.412143616030457
2025-08-31 00:00:00,solana,crypto,202.71014197799335,202.71014197799335,202.71014197799335,202.71014197799335,0,-1.1571934799884276,32.21480197117532,-5.518280057766459
2025-09-01 00:00:00,solana,crypto,200.90099462282365,200.90099462282365,200.90099462282365,200.90099462282365,0,-0.8924799408241313,31.034811384782234,-6.361510455996523
2025-09-02 00:00:00,solana,crypto,196.88381950999033,196.88381950999033,196.88381950999033,196.88381950999033,0,-1.9995795045092968,28.414666152559708,-8.2338865012505
2025-09-03 00:00:00,solana,crypto,209.23036715955652,209.23036715955652,209.23036715955652,209.23036715955652,0,6.270981373834883,36.46752594825898,-2.479250616251738
2025-09-04 00:00:00,solana,crypto,210.678785187558,210.678785187558,210.678785187558,210.678785187558,0,0.6922599466151702,37.41223597053545,-1.8041535286290888
2025-09-05 00:00:00,solana,crypto,202.68556246131902,202.68556246131902,202.68556246131902,202.68556246131902,0,-3.7940330437746472,32.19877033162373,-5.529736391367128
2025-09-06 00:00:00,solana,crypto,203.47913677981902,203.47913677981902,203.47913677981902,203.47913677981902,0,0.3915297709729204,32.716367874332164,-5.159857184622727
2025-09-07 00:00:00,solana,crypto,200.18665937035894,200.18665937035894,200.18665937035894,200.18665937035894,0,-1.618090906795422,30.56889639392843,-6.694456911510141
2025-09-08 00:00:00,solana,crypto,206.51848846856373,206.51848846856373,206.51848846856373,206.51848846856373,0,3.162962566097116,34.69874170983451,-3.7432375115275938
2025-09-09 00:00:00,solana,crypto,214.08956690665315,214.08956690665315,214.08956690665315,214.08956690665315,0,3.666053579140871,39.63686975134562,-0.21441302515382035
2025-09-10 00:00:00,solana,crypto,217.38518604767611,217.38518604767611,217.38518604767611,217.38518604767611,0,1.5393646634167535,41.786390381399094,0.0
2025-09-11 00:00:00,solana,crypto,223.9996568751895,223.9996568751895,223.9996568751895,223.9996568751895,0,3.0427422161428685,46.10058473827907,0.0
2025-09-12 00:00:00,solana,crypto,228.6994803098487,228.6994803098487,228.6994803098487,228.6994803098487,0,2.09813867584534,49.1659776123091,0.0
2025-09-13 00:00:00,solana,crypto,242.25824628845254,242.25824628845254,242.25824628845254,242.25824628845254,0,5.9286387359665405,58.00948954191563,0.0
2025-09-14 00:00:00,solana,crypto,242.6675990847208,242.6675990847208,242.6675990847208,242.6675990847208,0,0.1689737305292205,58.27648407098477,0.0
2025-09-15 00:00:00,solana,crypto,240.51910214123612,240.51910214123612,240.51910214123612,240.51910214123612,0,-0.8853662176525612,56.87515755053203,-0.885366217652561
2025-09-16 00:00:00,solana,crypto,233.8358169548661,233.8358169548661,233.8358169548661,233.8358169548661,0,-2.7786920568352635,52.51608000852759,-3.6394566737240126
2025-09-17 00:00:00,solana,crypto,237.00322352946304,237.00322352946304,237.00322352946304,237.00322352946304,0,1.3545429506243378,54.58197581885167,-2.334211726914637
2025-09-18 00:00:00,solana,crypto,244.94703055919837,244.94703055919837,244.94703055919837,244.94703055919837,0,3.351771723369734,59.76321077377419,0.0
2025-09-19 00:00:00,solana,crypto,247.55626201820508,247.55626201820508,247.55626201820508,247.55626201820508,0,1.0652227353195487,61.46504481761292,0.0
2025-09-20 00:00:00,solana,crypto,238.33823551145915,238.33823551145915,238.33823551145915,238.33823551145915,0,-3.7236086987240236,55.452718363385635,-3.723608698724027
2025-09-21 00:00:00,solana,crypto,239.46337999355012,239.46337999355012,239.46337999355012,239.46337999355012,0,0.4720788838922463,56.186577821215664,-3.26910818521723
2025-09-22 00:00:00,solana,crypto,236.64867854250417,236.64867854250417,236.64867854250417,236.64867854250417,0,-1.1754204133933799,54.35072890252456,-4.406102833665653
2025-09-23 00:00:00,solana,crypto,220.33692191838946,220.33692191838946,220.33692191838946,220.33692191838946,0,-6.89281542773752,43.71161804790603,-10.995213725522293
2025-09-24 00:00:00,solana,crypto,214.17925267896382,214.17925267896382,214.17925267896382,214.17925267896382,0,-2.79466064326086,39.69536601852783,-13.482595458153565
2025-09-25 00:00:00,solana,crypto,211.59608812684968,211.59608812684968,211.59608812684968,211.59608812684968,0,-1.2060759946651234,38.01053374331878,-14.526061105540085
2025-09-26 00:00:00,solana,crypto,192.18165357078567,192.18165357078567,192.18165357078567,192.18165357078567,0,-9.175233213397238,25.347745413314986,-22.36849433578344
2025-09-27 00:00:00,solana,crypto,205.1199454921513,205.1199454921513,205.1199454921513,205.1199454921513,0,6.732324174013882,33.786561979356975,-17.14208971330043
2025-09-28 00:00:00,solana,crypto,203.5749247337909,203.5749247337909,203.5749247337909,203.5749247337909,0,-0.7532279489707139,32.77884420256142,-17.76619865151293
2025-09-29 00:00:00,solana,crypto,210.7450481378904,210.7450481378904,210.7450481378904,210.7450481378904,0,3.5221053936164592,37.455455035801435,-14.869837498842028
2025-09-30 00:00:00,solana,crypto,212.92955681530267,212.92955681530267,212.92955681530267,212.92955681530267,0,1.0365646532216388,38.8802696966275,-13.987408325124889
2025-10-01 00:00:00,solana,crypto,208.6992944881733,208.6992944881733,208.6992944881733,208.6992944881733,0,-1.9866956895978283,36.121141364862765,-15.69621677644101
2025-10-02 00:00:00,solana,crypto,221.2188833389755,221.2188833389755,221.2188833389755,221.2188833389755,0,5.998864960950634,44.2868648186456,-10.638946663887156
2025-10-03 00:00:00,solana,crypto,234.61674360916186,234.61674360916186,234.61674360916186,234.61674360916186,0,6.056381836832947,53.02542829245773,-5.226900060436224
2025-10-04 00:00:00,solana,crypto,233.06458024680495,233.06458024680495,233.06458024680495,233.06458024680495,0,-0.6615739944556553,52.01305185397046,-5.8538942433758425
2025-10-05 00:00:00,solana,crypto,227.93905953905113,227.93905953905113,227.93905953905113,227.93905953905113,0,-2.1991847505640427,48.670003998730934,-7.924341044425414
2025-10-06 00:00:00,solana,crypto,228.5443211026712,228.5443211026712,228.5443211026712,228.5443211026712,0,0.26553657141696885,49.06477723007463,-7.679846496525202
2025-10-07 00:00:00,solana,crypto,232.5968012360869,232.5968012360869,232.5968012360869,232.5968012360869,0,1.773170347818498,51.707949658960025,-6.042852909541056
2025-10-08 00:00:00,solana,crypto,220.92325353514107,220.92325353514107,220.92325353514107,220.92325353514107,0,-5.0187911608883695,44.09404449111117,-10.758365902739893
2025-10-09 00:00:00,solana,crypto,229.06280907281337,229.06280907281337,229.06280907281337,229.06280907281337,0,3.684336260409804,49.40295362138822,-7.470404018312296
2025-10-10 00:00:00,solana,crypto,220.8065008190006,220.8065008190006,220.8065008190006,220.8065008190006,0,-3.604386188762876,44.01789419545509,-10.805527996394337
2025-10-11 00:00:00,solana,crypto,189.8912952568837,189.8912952568837,189.8912952568837,189.8912952568837,0,-14.001039574219199,23.853891835192297,-23.293681319635027
2025-10-12 00:00:00,solana,crypto,178.3062307703534,178.3062307703534,178.3062307703534,178.3062307703534,0,-6.100892866551932,16.2976985832721,-27.973451644200008
2025-10-13 00:00:00,solana,crypto,197.03997380287893,197.03997380287893,197.03997380287893,197.03997380287893,0,10.506499381198475,28.516515565271668,-20.405982786899255
2025-10-14 00:00:00,solana,crypto,207.92928081408232,207.92928081408232,207.92928081408232,207.92928081408232,0,5.526445624732568,35.618910916787364,-16.007262705076965
2025-10-15 00:00:00,solana,crypto,202.77828792883702,202.77828792883702,202.77828792883702,202.77828792883702,0,-2.4772811530334726,32.25924919669653,-18.08799895600101
2025-10-16 00:00:00,solana,crypto,193.96279214560616,193.96279214560616,193.96279214560616,193.96279214560616,0,-4.347356846372308,26.509467671783327,-21.649005941387863
2025-10-17 00:00:00,solana,crypto,184.57406686923576,184.57406686923576,184.57406686923576,184.57406686923576,0,-4.840477481537986,20.38580537711708,-25.44156816535615
2025-10-18 00:00:00,solana,crypto,182.07052141400303,182.07052141400303,182.07052141400303,182.07052141400303,0,-1.356390687867548,18.75290352346751,-26.45287179178133
2025-10-19 00:00:00,solana,crypto,187.55870371602296,187.55870371602296,187.55870371602296,187.55870371602296,0,3.014316792964289,22.332492236508074,-24.235928355458018
2025-10-20 00:00:00,solana,crypto,187.62095813065147,187.62095813065147,187.62095813065147,187.62095813065147,0,0.03319196251365675,22.37309679147323,-24.210780773198948
2025-10-21 00:00:00,solana,crypto,189.83490809801577,189.83490809801577,189.83490809801577,189.83490809801577,0,1.18001207830023,23.817114114202642,-23.316458832273256
2025-10-22 00:00:00,solana,crypto,185.78992071057104,185.78992071057104,185.78992071057104,185.78992071057104,0,-2.1307921856796863,21.178828722123114,-24.950425735177642
2025-10-23 00:00:00,solana,crypto,180.02645418265774,180.02645418265774,180.02645418265774,180.02645418265774,0,-3.102141658638091,17.419689794884434,-27.27856984307723
2025-10-24 00:00:00,solana,crypto,191.42417371185576,191.42417371185576,191.42417371185576,191.42417371185576,0,6.33113593274115,24.85368996760155,-22.674477247609033
2025-10-25 00:00:00,solana,crypto,193.47566388653937,193.47566388653937,193.47566388653937,193.47566388653937,0,1.0716985921389588,26.191745205217888,-21.845780708907565
2025-10-26 00:00:00,solana,crypto,194.011016152678,194.011016152678,194.011016152678,194.011016152678,0,0.27670263814294493,26.540921093319348,-21.62952592230909
2025-10-27 00:00:00,solana,crypto,200.07095684438153,200.07095684438153,200.07095684438153,200.07095684438153,0,3.123503402989569,30.493431069843513,-19.181621497553362
2025-10-28 00:00:00,solana,crypto,198.81130112961708,198.81130112961708,198.81130112961708,198.81130112961708,0,-0.6296044836453851,29.671838576965083,-19.69045763221426
2025-10-29 00:00:00,solana,crypto,194.40531681984675,194.40531681984675,194.40531681984675,194.40531681984675,0,-2.216163912582514,26.798098085640127,-21.470248728529295
2025-10-30 00:00:00,solana,crypto,194.22060377742542,194.22060377742542,194.22060377742542,194.22060377742542,0,-0.0950143984963625,26.67762163543923,-21.544863299340573
2025-10-31 00:00:00,solana,crypto,184.28637111326051,184.28637111326051,184.28637111326051,184.28637111326051,0,-5.114922140572387,20.198159919257627,-25.557782456858934
2025-11-01 00:00:00,solana,crypto,187.2627467672827,187.2627467672827,187.2627467672827,187.2627467672827,0,1.6150818077550255,22.139458533369847,-24.355479744030248
2025-11-02 00:00:00,solana,crypto,186.3556506725306,186.3556506725306,186.3556506725306,186.3556506725306,0,-0.48439751654362206,21.547818029514374,-24.721899921551504
2025-11-03 00:00:00,solana,crypto,187.19632465985816,187.19632465985816,187.19632465985816,187.19632465985816,0,0.4511126892550399,22.096135660158126,-24.38231085986752
2025-11-04 00:00:00,solana,crypto,165.92718959407298,165.92718959407298,165.92718959407298,165.92718959407298,0,-11.361940521231862,8.223645347728393,-32.97394772349938
2025-11-05 00:00:00,solana,crypto,155.5134380549323,155.5134380549323,155.5134380549323,155.5134380549323,0,-6.276097102962486,1.431424277339214,-37.18056784865495
2025-11-06 00:00:00,solana,crypto,162.64616988523213,162.64616988523213,162.64616988523213,162.64616988523213,0,4.586569443458854,6.083646989308757,-34.299310969047006
2025-11-07 00:00:00,solana,crypto,154.84889388443324,154.84889388443324,154.84889388443324,154.84889388443324,0,-4.794011446012458,0.9979848102938492,-37.449009521299935
2025-11-08 00:00:00,solana,crypto,161.87760775808556,161.87760775808556,161.87760775808556,161.87760775808556,0,4.539079161196979,5.5823632920467805,-34.609770547358956
2025-11-09 00:00:00,solana,crypto,158.15618865832252,158.15618865832252,158.15618865832252,158.15618865832252,0,-2.2989091272737516,3.155120705534581,-36.113032500590975
2025-11-10 00:00:00,solana,crypto,164.26842094537048,164.26842094537048,164.26842094537048,164.26842094537048,0,3.8646810718565794,7.141737130092174,-33.64400496025816
2025-11-11 00:00:00,solana,crypto,167.54840917926455,167.54840917926455,167.54840917926455,167.54840917926455,0,1.996724760010249,9.28106272367382,-32.31905837754846
2025-11-12 00:00:00,solana,crypto,154.34628754698477,154.34628754698477,154.34628754698477,154.34628754698477,0,-7.8795863816018,0.670166987629499,-37.65203663657101
2025-11-13 00:00:00,solana,crypto,153.19515043362588,153.19515043362588,153.19515043362588,153.19515043362588,0,-0.7458145781501058,-0.08064579361229146,-38.11703683651515
2025-11-14 00:00:00,solana,crypto,145.15580784802805,145.15580784802805,145.15580784802805,145.15580784802805,0,-5.247778772919453,-5.3241924536933025,-41.36451784146207
2025-11-15 00:00:00,solana,crypto,139.00276447047776,139.00276447047776,139.00276447047776,139.00276447047776,0,-4.238923311971277,-9.337427330570756,-43.85003096376709
2025-11-16 00:00:00,solana,crypto,139.59145707175173,139.59145707175173,139.59145707175173,139.59145707175173,0,0.42351143411900605,-8.953460968849274,-43.61222942464437
2025-11-17 00:00:00,solana,crypto,137.4975729739525,137.4975729739525,137.4975729739525,137.4975729739525,0,-1.5000087696791953,-10.31916703880593,-44.45805092830128
2025-11-18 00:00:00,solana,crypto,130.68858764032888,130.68858764032888,130.68858764032888,130.68858764032888,0,-4.952076743138956,-14.760230710930514,-47.20853087096696
2025-11-19 00:00:00,solana,crypto,140.60155456478054,140.60155456478054,140.60155456478054,140.60155456478054,0,7.585181769454397,-8.29463927049102,-43.204201978764395
2025-11-20 00:00:00,solana,crypto,136.43470513687834,136.43470513687834,136.43470513687834,136.43470513687834,0,-2.96358702490902,-11.012407442216757,-44.887394879615265
2025-11-21 00:00:00,solana,crypto,133.60337500165332,133.60337500165332,133.60337500165332,133.60337500165332,0,-2.075227217579634,-12.859102183244742,-46.03110666139067
2025-11-22 00:00:00,solana,crypto,128.48401421465474,128.48401421465474,128.48401421465474,128.48401421465474,0,-3.831760078617197,-16.19813231793578,-48.09906517121101
2025-11-23 00:00:00,solana,crypto,127.62806806856854,127.62806806856854,127.62806806856854,127.62806806856854,0,-0.666188826149372,-16.75641099653817,-48.44482339970747
2025-11-24 00:00:00,solana,crypto,130.84897517738048,130.84897517738048,130.84897517738048,130.84897517738048,0,2.5236667431818294,-14.65562022502683,-47.143742553457216
2025-11-25 00:00:00,solana,crypto,138.3677130507636,138.3677130507636,138.3677130507636,138.3677130507636,0,5.746119037761366,-9.751630571117726,-44.10655908167326
2025-11-26 00:00:00,solana,crypto,139.0062092062614,139.0062092062614,139.0062092062614,139.0062092062614,0,0.4614488029180297,-9.335180550735116,-43.84863946764595
2025-11-27 00:00:00,solana,crypto,142.92252259467037,142.92252259467037,142.92252259467037,142.92252259467037,0,2.817365793061688,-6.780820941230384,-42.266650243668664
2025-11-28 00:00:00,solana,crypto,140.8298940142595,140.8298940142595,140.8298940142595,140.8298940142595,0,-1.4641699169735345,-8.145708117858577,-43.11196458286198
2025-11-29 00:00:00,solana,crypto,137.46833804153275,137.46833804153275,137.46833804153275,137.46833804153275,0,-2.3869619417496657,-10.338235106948943,-44.46986033767813
2025-11-30 00:00:00,solana,crypto,136.08875145366935,136.08875145366935,136.08875145366935,136.08875145366935,0,-1.0035667903736445,-11.2380508030785,-45.0271423779773
2025-12-01 00:00:00,solana,crypto,134.57716421907872,134.57716421907872,134.57716421907872,134.57716421907872,0,-1.1107363528904401,-12.22396204034285,-45.6377458918078
2025-12-02 00:00:00,solana,crypto,126.74719818442522,126.74719818442522,126.74719818442522,126.74719818442522,0,-5.818198117109286,-17.330945828184753,-48.80064953674881
2025-12-03 00:00:00,solana,crypto,138.68381774415911,138.68381774415911,138.68381774415911,138.68381774415911,0,9.417659507049114,-9.545455788585215,-43.97886904029904
2025-12-04 00:00:00,solana,crypto,145.03241215787318,145.03241215787318,145.03241215787318,145.03241215787318,0,4.577747077475047,-5.404675534503799,-41.41436335502286
2025-12-05 00:00:00,solana,crypto,139.0035856702843,139.0035856702843,139.0035856702843,139.0035856702843,0,-4.1568821740524236,-9.336891714697062,-43.849699241273036
2025-12-06 00:00:00,solana,crypto,133.19940782316152,133.19940782316152,133.19940782316152,133.19940782316152,0,-4.175559802385431,-13.122584019851347,-46.194288628672965
2025-12-07 00:00:00,solana,crypto,132.21332316930986,132.21332316930986,132.21332316930986,132.21332316930986,0,-0.7403070854194893,-13.765743685981748,-46.592616122315256
2025-12-08 00:00:00,solana,crypto,131.63667798299971,131.63667798299971,131.63667798299971,131.63667798299971,0,-0.43614756250526243,-14.141852292939877,-46.825551125295604
2025-12-09 00:00:00,solana,crypto,133.2876975493966,133.2876975493966,133.2876975493966,133.2876975493966,0,1.2542245760790882,-13.064998303831638,-46.158624119314446
2025-12-10 00:00:00,solana,crypto,138.01268988378362,138.01268988378362,138.01268988378362,138.01268988378362,0,3.5449575776758557,-9.983189373550674,-44.24997018510714
2025-12-11 00:00:00,solana,crypto,136.51252974936924,136.51252974936924,136.51252974936924,136.51252974936924,0,-1.0869726078649888,-10.961647447533881,-44.85595773807159
2025-12-12 00:00:00,solana,crypto,136.44042727909604,136.44042727909604,136.44042727909604,136.44042727909604,0,-0.05281747426816308,-11.008675256482078,-44.88508342840371
2025-12-13 00:00:00,solana,crypto,132.4674041542392,132.4674041542392,132.4674041542392,132.4674041542392,0,-2.911910497560821,-13.600022983607019,-46.48998046977391
2025-12-14 00:00:00,solana,crypto,133.22106900469535,133.22106900469535,133.22106900469535,133.22106900469535,0,0.5689436244848745,-13.10845582281586,-46.18553862519608
2025-12-15 00:00:00,solana,crypto,129.57660231376835,129.57660231376835,129.57660231376835,129.57660231376835,0,-2.7356533903796776,-15.485507297052257,-47.657715762310474
2025-12-16 00:00:00,solana,crypto,127.70162570713056,127.70162570713056,127.70162570713056,127.70162570713056,0,-1.447002447322665,-16.70843407480625,-48.415109896214425
2025-12-17 00:00:00,solana,crypto,128.8095625908113,128.8095625908113,128.8095625908113,128.8095625908113,0,0.8675981042102654,-15.985798027872224,-47.96756036761503
2025-12-18 00:00:00,solana,crypto,123.08121963590442,123.08121963590442,123.08121963590442,123.08121963590442,0,-4.447141065996851,-19.72202810504426,-50.28151635814685
2025-12-19 00:00:00,solana,crypto,119.47102833526988,119.47102833526988,119.47102833526988,119.47102833526988,0,-2.9331780358645365,-22.076723944304607,-51.73984800009459
2025-12-20 00:00:00,solana,crypto,126.1879023223493,126.1879023223493,126.1879023223493,126.1879023223493,0,5.62217809679344,-17.695738585597418,-49.026576304876684
2025-12-21 00:00:00,solana,crypto,125.78919713672443,125.78919713672443,125.78919713672443,125.78919713672443,0,-0.3159614973283098,-17.955788362327368,-49.1876326976233
2025-12-22 00:00:00,solana,crypto,126.01866473018241,126.01866473018241,126.01866473018241,126.01866473018241,0,0.1824223372763667,-17.80612139385796,-49.09493958956486
2025-12-23 00:00:00,solana,crypto,125.76066206540068,125.76066206540068,125.76066206540068,125.76066206540068,0,-0.204733691897252,-17.974399956041864,-49.19915939910567
2025-12-24 00:00:00,solana,crypto,123.9193038826096,123.9193038826096,123.9193038826096,123.9193038826096,0,-1.4641765974748977,-19.175399595823855,-49.94297341850449
2025-12-25 00:00:00,solana,crypto,122.56774375278773,122.56774375278773,122.56774375278773,122.56774375278773,0,-1.0906776325197987,-20.056935434005712,-50.488934210933344
2025-12-26 00:00:00,solana,crypto,120.09013792486492,120.09013792486492,120.09013792486492,120.09013792486492,0,-2.0214175051798344,-21.672918535319937,-51.48975956179464
2025-12-27 00:00:00,solana,crypto,122.18760348085107,122.18760348085107,122.18760348085107,122.18760348085107,0,1.7465760238350558,-20.304876510288082,-50.64249133319622
2025-12-28 00:00:00,solana,crypto,124.63847125670826,124.63847125670826,124.63847125670826,124.63847125670826,0,2.005823590967881,-18.70633292248046,-49.65246678044345
2025-12-29 00:00:00,solana,crypto,125.19116108131975,125.19116108131975,125.19116108131975,125.19116108131975,0,0.44343437386451523,-18.345848858883755,-49.42920851175508
2025-12-30 00:00:00,solana,crypto,123.09934938681572,123.09934938681572,123.09934938681572,123.09934938681572,0,-1.6708940762561242,-19.710203233317888,-50.274192871047994
2025-12-31 00:00:00,solana,crypto,124.85607450703749,124.85607450703749,124.85607450703749,124.85607450703749,0,1.427079126715447,-18.56440430277831,-49.56456625691994
2026-01-01 00:00:00,solana,crypto,124.5164171836461,124.5164171836461,124.5164171836461,124.5164171836461,0,-0.27203908558910417,-18.785940952657068,-49.701770349687514
2026-01-02 00:00:00,solana,crypto,126.73481257128296,126.73481257128296,126.73481257128296,126.73481257128296,0,1.7816087531373537,-17.33902416789147,-48.80565268756442
2026-01-03 00:00:00,solana,crypto,132.0483994914527,132.0483994914527,132.0483994914527,132.0483994914527,0,4.1926814048674155,-13.873312805096717,-46.65923680745269
2026-01-04 00:00:00,solana,crypto,133.28816839764232,133.28816839764232,133.28816839764232,133.28816839764232,0,0.9388746179160412,-13.064691199771822,-46.158433920835165
2026-01-05 00:00:00,solana,crypto,133.86037430010327,133.86037430010327,133.86037430010327,133.86037430010327,0,0.4292998465954323,-12.691478052455171,-45.92729216025273
2026-01-06 00:00:00,solana,crypto,138.14624626670062,138.14624626670062,138.14624626670062,138.14624626670062,0,3.201748081914668,-9.896079125651616,-44.1960202741543
2026-01-07 00:00:00,solana,crypto,141.10228180261717,141.10228180261717,141.10228180261717,141.10228180261717,0,2.1397870849199307,-7.968047063775825,-43.00193392310931
2026-01-08 00:00:00,solana,crypto,136.27267880262593,136.27267880262593,136.27267880262593,136.27267880262593,0,-3.4227674693079635,-11.118086810245725,-44.95284518692379
2026-01-09 00:00:00,solana,crypto,138.2946068711558,138.2946068711558,138.2946068711558,138.2946068711558,0,1.483736935602753,-9.799313035178969,-44.136090218963744
2026-01-10 00:00:00,solana,crypto,135.84243943306166,135.84243943306166,135.84243943306166,135.84243943306166,0,-1.7731475533089514,-11.398704309163563,-45.126639768428916
2026-01-11 00:00:00,solana,crypto,135.80170404935623,135.80170404935623,135.80170404935623,135.80170404935623,0,-0.029987229230743484,-11.425273382803782,-45.14309476874816
2026-01-12 00:00:00,solana,crypto,139.4276268849873,139.4276268849873,139.4276268849873,139.4276268849873,0,2.670012766786223,-9.060316873978644,-43.67840839560992
2026-01-13 00:00:00,solana,crypto,139.1103423634471,139.1103423634471,139.1103423634471,139.1103423634471,0,-0.2275621615520418,-9.267261182608793,-43.80657502688538
2026-01-14 00:00:00,solana,crypto,145.09717589746134,145.09717589746134,145.09717589746134,145.09717589746134,0,4.303658112186026,-5.362434308085582,-41.38820213451477
2026-01-15 00:00:00,solana,crypto,146.70846905618052,146.70846905618052,146.70846905618052,146.70846905618052,0,1.1104924329180976,-4.311491302378974,-40.737322554421304
2026-01-16 00:00:00,solana,crypto,142.27295549504774,142.27295549504774,142.27295549504774,142.27295549504774,0,-3.023352087079745,-7.204491827183985,-42.529041949831544
2026-01-17 00:00:00,solana,crypto,144.82360113807155,144.82360113807155,144.82360113807155,144.82360113807155,0,1.7927831991320309,-5.540869547112545,-41.49871226952791
2026-01-18 00:00:00,solana,crypto,143.70920085761944,143.70920085761944,143.70920085761944,143.70920085761944,0,-0.7694880335075149,-6.267721252502769,-41.94887267806169
2026-01-19 00:00:00,solana,crypto,138.5946736566872,138.5946736566872,138.5946736566872,138.5946736566872,0,-3.5589420652331616,-9.603598749549048,-44.01487866766421
2026-01-20 00:00:00,solana,crypto,133.43360509528503,133.43360509528503,133.43360509528503,133.43360509528503,0,-3.723857797152186,-12.969832185858943,-46.09968497364351
2026-01-21 00:00:00,solana,crypto,125.81062416788743,125.81062416788743,125.81062416788743,125.81062416788743,0,-5.712939346841472,-17.941812886535168,-49.17897727885574
2026-01-22 00:00:00,solana,crypto,129.33791858850012,129.33791858850012,129.33791858850012,129.33791858850012,0,2.8036538598725347,-15.641185356187096,-47.75413171370768
2026-01-23 00:00:00,solana,crypto,128.22398381822603,128.22398381822603,128.22398381822603,128.22398381822603,0,-0.8612592366034288,-16.3677334391961,-48.20410408006704
2026-01-24 00:00:00,solana,crypto,127.24900586659474,127.24900586659474,127.24900586659474,127.24900586659474,0,-0.7603709716377582,-17.00364891704717,-48.59794503714191
2026-01-25 00:00:00,solana,crypto,127.04951352257324,127.04951352257324,127.04951352257324,127.04951352257324,0,-0.15677320436644493,-17.13376495614714,-48.67852968581739
2026-01-26 00:00:00,solana,crypto,118.89050038610903,118.89050038610903,118.89050038610903,118.89050038610903,0,-6.421916078422907,-22.45536502801204,-51.97435143960693
2026-01-27 00:00:00,solana,crypto,124.20384054241987,124.20384054241987,124.20384054241987,124.20384054241987,0,4.4691040403188165,-18.989814613428454,-49.82803523940508
2026-01-28 00:00:00,solana,crypto,127.1523419223292,127.1523419223292,127.1523419223292,127.1523419223292,0,2.3739212628471895,-17.066696597464702,-48.63699229996512
2026-01-29 00:00:00,solana,crypto,125.04471508843886,125.04471508843886,125.04471508843886,125.04471508843886,0,-1.6575603736640354,-18.4413661712357,-49.48836516232291
2026-01-30 00:00:00,solana,crypto,117.61753429620335,117.61753429620335,117.61753429620335,117.61753429620335,0,-5.939619908752314,-23.28563902343538,-52.48856428137783
2026-01-31 00:00:00,solana,crypto,117.30168147280109,117.30168147280109,117.30168147280109,117.30168147280109,0,-0.2685422928581538,-23.491649527353328,-52.61615258022646
2026-02-01 00:00:00,solana,crypto,105.3546472133961,105.3546472133961,105.3546472133961,105.3546472133961,0,-10.184878945810471,-31.28393240642881,-57.44214007979793
2026-02-02 00:00:00,solana,crypto,100.89974142414994,100.89974142414994,100.89974142414994,100.89974142414994,0,-4.2284853179971655,-34.18958123572798,-59.24169293817748
2026-02-03 00:00:00,solana,crypto,104.51783551612739,104.51783551612739,104.51783551612739,104.51783551612739,0,3.585830886095298,-31.82973091341006,-57.7801689749051
2026-02-04 00:00:00,solana,crypto,97.61983239747126,97.61983239747126,97.61983239747126,97.61983239747126,0,-6.59983349692671,-36.32885516753189,-60.56660752524515
2026-02-05 00:00:00,solana,crypto,92.2922393896508,92.2922393896508,92.2922393896508,92.2922393896508,0,-5.457490426871969,-39.80370180144362,-62.718681144545755
2026-02-06 00:00:00,solana,crypto,78.50039816888382,78.50039816888382,78.50039816888382,78.50039816888382,0,-14.943662990491413,-48.79923373698715,-68.28987579271538
2026-02-07 00:00:00,solana,crypto,87.57576306445752,87.57576306445752,87.57576306445752,87.57576306445752,0,11.560915749814637,-42.879956286060704,-64.6238950489496
2026-02-08 00:00:00,solana,crypto,87.6724462446035,87.6724462446035,87.6724462446035,87.6724462446035,0,0.11039947214028789,-42.81689605931422,-64.58484001581985
2026-02-09 00:00:00,solana,crypto,87.04941449412165,87.04941449412165,87.04941449412165,87.04941449412165,0,-0.710635755210498,-43.22325964185592,-64.83651280543243
2026-02-10 00:00:00,solana,crypto,86.83640091013909,86.83640091013909,86.83640091013909,86.83640091013909,0,-0.24470421222297922,-43.3621947170752,-64.92255933976203
2026-02-11 00:00:00,solana,crypto,82.859350330399,82.859350330399,82.859350330399,82.859350330399,0,-4.579934840753785,-45.95616929426616,-66.52908326580501
2026-02-12 00:00:00,solana,crypto,79.26902777120368,79.26902777120368,79.26902777120368,79.26902777120368,0,-4.333032475971654,-48.29790603000475,-67.97938895790311
2026-02-13 00:00:00,solana,crypto,78.24213346951659,78.24213346951659,78.24213346951659,78.24213346951659,0,-1.2954546442162096,-48.96768320749608,-68.39420145075435
2026-02-14 00:00:00,solana,crypto,84.25776148298227,84.25776148298227,84.25776148298227,84.25776148298227,0,7.688476459821225,-45.04407554400302,-65.96419706935708
2026-02-15 00:00:00,solana,crypto,88.16260342417432,88.16260342417432,88.16260342417432,88.16260342417432,0,4.634400288430074,-42.49719802250488,-64.38684172016988
2026-02-16 00:00:00,solana,crypto,85.9432570451624,85.9432570451624,85.9432570451624,85.9432570451624,0,-2.517333078668338,-43.94473507784552,-65.28334353390657
2026-02-17 00:00:00,solana,crypto,86.47724615896905,86.47724615896905,86.47724615896905,86.47724615896905,0,0.6213275272149099,-43.59644828643094,-65.0676393907541
2026-02-18 00:00:00,solana,crypto,85.08405734921202,85.08405734921202,85.08405734921202,85.08405734921202,0,-1.611046687582962,-44.50513583799153,-65.63041602924389
2026-02-19 00:00:00,solana,crypto,81.51090951064302,81.51090951064302,81.51090951064302,81.51090951064302,0,-4.199550362183202,-46.83567060690024,-67.07378401736864
2026-02-20 00:00:00,solana,crypto,82.32948048072353,82.32948048072353,82.32948048072353,82.32948048072353,0,1.0042471308379097,-46.30176935434082,-66.74312343806956
2026-02-21 00:00:00,solana,crypto,84.48180620699738,84.48180620699738,84.48180620699738,84.48180620699738,0,2.614283138562734,-44.897945564864834,-65.87369452169841
2026-02-22 00:00:00,solana,crypto,85.22914603897226,85.22914603897226,85.22914603897226,85.22914603897226,0,0.8846163044191391,-44.41050380726171,-65.57180765934146
2026-02-23 00:00:00,solana,crypto,82.62121426327303,82.62121426327303,82.62121426327303,82.62121426327303,0,-3.059906026169401,-46.11149015118052,-66.62527799147446
2026-02-24 00:00:00,solana,crypto,77.74239675092372,77.74239675092372,77.74239675092372,77.74239675092372,0,-5.905042132161031,-49.29362936214706,-68.59606938756951
2026-02-25 00:00:00,solana,crypto,79.15951859088946,79.15951859088946,79.15951859088946,79.15951859088946,0,1.8228430035492904,-48.369331832621185,-68.02362503556135
2026-02-26 00:00:00,solana,crypto,87.54949142727354,87.54949142727354,87.54949142727354,87.54949142727354,0,10.59881740785331,-42.897091587106054,-64.63450743942998
2026-02-27 00:00:00,solana,crypto,85.91778139468347,85.91778139468347,85.91778139468347,85.91778139468347,0,-1.8637572942905245,-43.961351207903405,-65.29363438668938
2026-02-28 00:00:00,solana,crypto,81.97478574698155,81.97478574698155,81.97478574698155,81.97478574698155,0,-4.589266137574999,-46.53311394087367,-66.88640187136401
2026-03-01 00:00:00,solana,crypto,84.43256932045497,84.43256932045497,84.43256932045497,84.43256932045497,0,2.998218965840871,-44.93005962260442,-65.89358369199893
2026-03-02 00:00:00,solana,crypto,83.59894859103784,83.59894859103784,83.59894859103784,83.59894859103784,0,-0.9873212862363756,-45.473776866268125,-66.23032360018021
2026-03-03 00:00:00,solana,crypto,86.6938918426954,86.6938918426954,86.6938918426954,86.6938918426954,0,3.7021317897164785,-43.455144225902494,-64.98012567489809
2026-03-04 00:00:00,solana,crypto,87.21330452440068,87.21330452440068,87.21330452440068,87.21330452440068,0,0.5991341150628715,-43.116364704646784,-64.77030966076427
2026-03-05 00:00:00,solana,crypto,91.04761359657869,91.04761359657869,91.04761359657869,91.04761359657869,0,4.396472640370175,-40.61549124203862,-63.22144596371264
2026-03-06 00:00:00,solana,crypto,88.75693937625566,88.75693937625566,88.75693937625566,88.75693937625566,0,-2.515908028597802,-42.10955086562353,-64.14676055751376
2026-03-07 00:00:00,solana,crypto,84.69488418915218,84.69488418915218,84.69488418915218,84.69488418915218,0,-4.576605745589923,-44.758968486855224,-65.78762197381872
2026-03-08 00:00:00,solana,crypto,83.17889878303106,83.17889878303106,83.17889878303106,83.17889878303106,0,-1.7899373977953714,-45.74774836883692,-66.40000212278446
2026-03-09 00:00:00,solana,crypto,81.67772884438665,81.67772884438665,81.67772884438665,81.67772884438665,0,-1.804748512672849,-46.726865073241875,-67.00639758473162
2026-03-10 00:00:00,solana,crypto,84.97563051920119,84.97563051920119,84.97563051920119,84.97563051920119,0,4.037700021137636,-44.57585569304348,-65.67421489303625
2026-03-11 00:00:00,solana,crypto,85.74645257058538,85.74645257058538,85.74645257058538,85.74645257058538,0,0.907109540316986,-44.07309799239603,-65.36284242154228
2026-03-12 00:00:00,solana,crypto,86.62968862668771,86.62968862668771,86.62968862668771,86.62968862668771,0,1.0300555062324745,-43.49701985880146,-65.00606047270296
2026-03-13 00:00:00,solana,crypto,86.97584014684948,86.97584014684948,86.97584014684948,86.97584014684948,0,0.3995760871927434,-43.271247461605974,-64.86623305838519
2026-03-14 00:00:00,solana,crypto,88.1168060488462,88.1168060488462,88.1168060488462,88.1168060488462,0,1.311819351293786,-42.52706870805975,-64.40534150480663
2026-03-15 00:00:00,solana,crypto,88.02341306449867,88.02341306449867,88.02341306449867,88.02341306449867,0,-0.10598770942260582,-42.58798295147411,-64.44306746802248
2026-03-16 00:00:00,solana,crypto,92.1632844801209,92.1632844801209,92.1632844801209,92.1632844801209,0,4.703148027887494,-39.887810803885934,-62.77077229686749
2026-03-17 00:00:00,solana,crypto,96.21221464953886,96.21221464953886,96.21221464953886,96.21221464953886,0,4.393213840259036,-37.24695378843956,-61.13521271279193
2026-03-18 00:00:00,solana,crypto,94.72809426091275,94.72809426091275,94.72809426091275,94.72809426091275,0,-1.5425488271236132,-38.21495016676032,-61.734721033254836
2026-03-19 00:00:00,solana,crypto,90.03646353685959,90.03646353685959,90.03646353685959,90.03646353685959,0,-4.952734202728548,-41.27499946202406,-63.62989859241033
2026-03-20 00:00:00,solana,crypto,88.8456984679191,88.8456984679191,88.8456984679191,88.8456984679191,0,-1.322536472629221,-42.0516590126905,-64.11090644865793
2026-03-21 00:00:00,solana,crypto,89.90100439451884,89.90100439451884,89.90100439451884,89.90100439451884,0,1.1877963084288012,-41.3633507576475,-63.68461712032653
2026-03-22 00:00:00,solana,crypto,87.81573059739495,87.81573059739495,87.81573059739495,87.81573059739495,0,-2.319522246907202,-42.72344088166482,-64.5269605052701
2026-03-23 00:00:00,solana,crypto,86.23479546661513,86.23479546661513,86.23479546661513,86.23479546661513,0,-1.800286941787077,-43.75458329617716,-65.16557700314868
2026-03-24 00:00:00,solana,crypto,91.37708078745013,91.37708078745013,91.37708078745013,91.37708078745013,0,5.963121142701366,-40.40060096091102,-63.08835816048543
2026-03-25 00:00:00,solana,crypto,90.87842515803004,90.87842515803004,90.87842515803004,90.87842515803004,0,-0.5457119281146561,-40.725841990551984,-63.289789392866616
2026-03-26 00:00:00,solana,crypto,91.64389758486668,91.64389758486668,91.64389758486668,91.64389758486668,0,0.842303798184818,-40.22657350629633,-62.980577894601076
2026-03-27 00:00:00,solana,crypto,86.37417588100612,86.37417588100612,86.37417588100612,86.37417588100612,0,-5.7502156092614225,-43.66367440672768,-65.1092744829641
2026-03-28 00:00:00,solana,crypto,82.96413192403311,82.96413192403311,82.96413192403311,82.96413192403311,0,-3.9479901512124216,-45.88782699270503,-66.48675689006325
2026-03-29 00:00:00,solana,crypto,82.01372949812922,82.01372949812922,82.01372949812922,82.01372949812922,0,-1.145558211558384,-46.50771343404278,-66.87067059846864
2026-03-30 00:00:00,solana,crypto,81.33947805116354,81.33947805116354,81.33947805116354,81.33947805116354,0,-0.8221202121787008,-46.94748433385806,-67.14303351163788
2026-03-31 00:00:00,solana,crypto,82.43744250260085,82.43744250260085,82.43744250260085,82.43744250260085,0,1.349854311514842,-46.23135266377155,-66.69951233286174
2026-04-01 00:00:00,solana,crypto,83.05596641462947,83.05596641462947,83.05596641462947,83.05596641462947,0,0.7502948820969468,-45.82792925463508,-66.44966047818188
2026-04-02 00:00:00,solana,crypto,81.26067035239892,81.26067035239892,81.26067035239892,81.26067035239892,0,-2.1615497835135944,-46.99888553255634,-67.17486776948382
2026-04-03 00:00:00,solana,crypto,78.94297475122147,78.94297475122147,78.94297475122147,78.94297475122147,0,-2.852173863600216,-48.5105694668136,-68.11109761165481
2026-04-04 00:00:00,solana,crypto,80.34433585896339,80.34433585896339,80.34433585896339,80.34433585896339,0,1.7751561961759421,-47.59655165032804,-67.5450197850156
2026-04-05 00:00:00,solana,crypto,80.76965641724166,80.76965641724166,80.76965641724166,80.76965641724166,0,0.5293721750651903,-47.31914237599022,-67.37321215033457
2026-04-06 00:00:00,solana,crypto,81.80609023118846,81.80609023118846,81.80609023118846,81.80609023118846,0,1.283197007292891,-46.64314318754269,-66.95454618507185
2026-04-07 00:00:00,solana,crypto,80.05090350348496,80.05090350348496,80.05090350348496,80.05090350348496,0,-2.1455453044427975,-47.787938723480636,-67.66355136772985
2026-04-08 00:00:00,solana,crypto,85.71966892972841,85.71966892972841,85.71966892972841,85.71966892972841,0,7.081450899547526,-44.090567240542256,-65.37366163517825
2026-04-09 00:00:00,solana,crypto,82.59825679035208,82.59825679035208,82.59825679035208,82.59825679035208,0,-3.6414187996167025,-46.12646383580421,-66.63455163001376
2026-04-10 00:00:00,solana,crypto,83.29620052819023,83.29620052819023,83.29620052819023,83.29620052819023,0,0.8449860383974439,-45.67123997682575,-66.35261824963867
2026-04-11 00:00:00,solana,crypto,84.80543245012248,84.80543245012248,84.80543245012248,84.80543245012248,0,1.811885671089497,-44.68686495868526,-65.74296616100709
2026-04-12 00:00:00,solana,crypto,84.9287614200742,84.9287614200742,84.9287614200742,84.9287614200742,0,0.14542578982101872,-44.60642539517667,-65.69314759897749
2026-04-13 00:00:00,solana,crypto,81.53487956024254,81.53487956024254,81.53487956024254,81.53487956024254,0,-3.9961513662548853,-46.820036483564735,-67.06410134992
2026-04-14 00:00:00,solana,crypto,86.60429543330669,86.60429543330669,86.60429543330669,86.60429543330669,0,6.21748127967563,-43.51358220739205,-65.01631801705832
2026-04-15 00:00:00,solana,crypto,83.75779568198683,83.75779568198683,83.75779568198683,83.75779568198683,0,-3.2867881865189075,-45.3701711143872,-66.16615754368298
2026-04-16 00:00:00,solana,crypto,84.9392177619264,84.9392177619264,84.9392177619264,84.9392177619264,0,1.4105219344897835,-44.59960539518139,-65.68892377455593
2026-04-17 00:00:00,solana,crypto,88.98682546911486,88.98682546911486,88.98682546911486,88.98682546911486,0,4.76529901480065,-41.9596109368823,-64.05389839721734
2026-04-18 00:00:00,solana,crypto,88.83586147228871,88.83586147228871,88.83586147228871,88.83586147228871,0,-0.16964758101023492,-42.05807505293681,-64.11488008905394
2026-04-19 00:00:00,solana,crypto,86.17902122641077,86.17902122641077,86.17902122641077,86.17902122641077,0,-2.9907294214811198,-43.79096124970113,-65.18810692816437
2026-04-20 00:00:00,solana,crypto,83.5738484007416,83.5738484007416,83.5738484007416,83.5738484007416,0,-3.0229779691101633,-45.49014810777126,-66.24046278635616
2026-04-21 00:00:00,solana,crypto,85.32322525072304,85.32322525072304,85.32322525072304,85.32322525072304,0,2.093210835036663,-44.349141981800685,-65.53380449554193
2026-04-22 00:00:00,solana,crypto,85.9953015437942,85.9953015437942,85.9953015437942,85.9953015437942,0,0.7876827101838346,-43.910789795122376,-65.26232023269515
2026-04-23 00:00:00,solana,crypto,86.93916270320054,86.93916270320054,86.93916270320054,86.93916270320054,0,1.097572939988667,-43.29516980166028,-64.8810488595893
2026-04-24 00:00:00,solana,crypto,86.13573456395278,86.13573456395278,86.13573456395278,86.13573456395278,0,-0.9241268425721594,-43.81919435855809,-65.20559251390763
2026-04-25 00:00:00,solana,crypto,86.21697306347761,86.21697306347761,86.21697306347761,86.21697306347761,0,0.09431451410506497,-43.76620770469705,-65.17277633755138
2026-04-26 00:00:00,solana,crypto,86.14978421196616,86.14978421196616,86.14978421196616,86.14978421196616,0,-0.07792995871239716,-43.8100306758152,-65.1999171785722
2026-04-27 00:00:00,solana,crypto,86.96199515691436,86.96199515691436,86.96199515691436,86.96199515691436,0,0.9427892970106599,-43.28027765903321,-64.87182572238093
2026-04-28 00:00:00,solana,crypto,84.7725920503587,84.7725920503587,84.7725920503587,84.7725920503587,0,-2.517655100489702,-44.708284641534156,-65.75623199379032
2026-04-29 00:00:00,solana,crypto,84.07182294932718,84.07182294932718,84.07182294932718,84.07182294932718,0,-0.8266458345584371,-45.165351303400826,-66.03930667560952
2026-04-30 00:00:00,solana,crypto,83.0138918945025,83.0138918945025,83.0138918945025,83.0138918945025,0,-1.258365785005433,-45.85537176092676,-66.46665642075426
2026-05-01 00:00:00,solana,crypto,83.01439982764413,83.01439982764413,83.01439982764413,83.01439982764413,0,0.0006118652312592232,-45.85504046877197,-66.46645124188403
2026-05-02 00:00:00,solana,crypto,83.69669496018663,83.69669496018663,83.69669496018663,83.69669496018663,0,0.8218997354183077,-45.41002318964245,-66.1908390933647
2026-05-03 00:00:00,solana,crypto,84.34677098346918,84.34677098346918,84.34677098346918,84.34677098346918,0,0.7767045324690303,-44.98602036548261,-65.92824180821312
2026-05-04 00:00:00,solana,crypto,83.88637030997984,83.88637030997984,83.88637030997984,83.88637030997984,0,-0.5458426779367476,-45.286310145159234,-66.1142200055473
2026-05-05 00:00:00,solana,crypto,84.07498448374388,84.07498448374388,84.07498448374388,84.07498448374388,0,0.22484483840112812,-45.16328923762183,-66.03802957827781
2026-05-06 00:00:00,solana,crypto,86.33015099270362,86.33015099270362,86.33015099270362,86.33015099270362,0,2.682327594595968,-43.69238901287378,-65.12705827398744
2026-05-07 00:00:00,solana,crypto,89.04919377278287,89.04919377278287,89.04919377278287,89.04919377278287,0,3.1495864988224653,-41.91893209941377,-64.02870480964272
2026-05-08 00:00:00,solana,crypto,88.42264493072328,88.42264493072328,88.42264493072328,88.42264493072328,0,-0.7035985566116287,-42.327589654826916,-64.28179832339659
2026-05-09 00:00:00,solana,crypto,91.90976809091994,91.90976809091994,91.90976809091994,91.90976809091994,0,3.9436992219908484,-40.05316325674096,-62.87317988176725
2026-05-10 00:00:00,solana,crypto,93.15434617109975,93.15434617109975,93.15434617109975,93.15434617109975,0,1.35413036724088,-39.24140493620018,-62.37043433615537
2026-05-11 00:00:00,solana,crypto,96.48528983129029,96.48528983129029,96.48528983129029,96.48528983129029,0,3.575725446102629,-37.068844391809435,-61.02490438145538
2026-05-12 00:00:00,solana,crypto,97.32283484166351,97.32283484166351,97.32283484166351,97.32283484166351,0,0.8680546141673018,-36.52256759180373,-60.68657926556248
2026-05-13 00:00:00,solana,crypto,94.308696660769,94.308696660769,94.308696660769,94.308696660769,0,-3.097051360863323,-38.488496276042866,-61.904136097420306
2026-05-14 00:00:00,solana,crypto,91.06763787990582,91.06763787990582,91.06763787990582,91.06763787990582,0,-3.436648894132599,-40.60243068853657,-63.213357182938566
2026-05-15 00:00:00,solana,crypto,92.11847334193568,92.11847334193568,92.11847334193568,92.11847334193568,0,1.1539065759184952,-39.91703823031585,-62.788873692412864
2026-05-16 00:00:00,solana,crypto,89.20026891713,89.20026891713,89.20026891713,89.20026891713,0,-3.167881879645962,-41.820395488972295,-63.96767821992307
2026-05-17 00:00:00,solana,crypto,86.51414004077077,86.51414004077077,86.51414004077077,86.51414004077077,0,-3.0113461640510764,-43.57238477767521,-65.05273615966595
2026-05-18 00:00:00,solana,crypto,85.15890513350223,85.15890513350223,85.15890513350223,85.15890513350223,0,-1.5664894855683342,-44.456317437089886,-65.60018137321862
2026-05-19 00:00:00,solana,crypto,85.25338628171649,85.25338628171649,85.25338628171649,85.25338628171649,0,0.11094687991366481,-44.39469345429718,-65.56201584775624
2026-05-20 00:00:00,solana,crypto,84.26740843901015,84.26740843901015,84.26740843901015,84.26740843901015,0,-1.1565263102256251,-45.03778345437985,-65.96030019518827
2026-05-21 00:00:00,solana,crypto,86.00566725424294,86.00566725424294,86.00566725424294,86.00566725424294,0,2.0627889802625976,-43.904028908168726,-65.25813301870014
2026-05-22 00:00:00,solana,crypto,87.14911421272258,87.14911421272258,87.14911421272258,87.14911421272258,0,1.3295018746839915,-43.15823192088064,-64.79623924588354
2026-05-23 00:00:00,solana,crypto,84.32530808138537,84.32530808138537,84.32530808138537,84.32530808138537,0,-3.2402006111554638,-45.000019237571834,-65.93691171698813
2026-05-24 00:00:00,solana,crypto,85.63570578662899,85.63570578662899,85.63570578662899,85.63570578662899,0,1.5539791493900168,-44.145331004355185,-65.40757842743182
2026-05-25 00:00:00,solana,crypto,85.31775969052242,85.31775969052242,85.31775969052242,85.31775969052242,0,-0.3712774866348023,-44.3527068155704,-65.53601230081256
2026-05-26 00:00:00,solana,crypto,84.96535363189035,84.96535363189035,84.96535363189035,84.96535363189035,0,-0.41305123330754867,-44.58255864637095,-65.67836622705101
2026-05-27 00:00:00,solana,crypto,83.60819175255435,83.60819175255435,83.60819175255435,83.60819175255435,0,-1.5973121058447726,-45.46774814586189,-66.22658983823003
2026-05-28 00:00:00,solana,crypto,82.30065798211395,82.30065798211395,82.30065798211395,82.30065798211395,0,-1.5638823696966897,-46.320568418407355,-66.75476624539532
2026-05-29 00:00:00,solana,crypto,81.92734317475956,81.92734317475956,81.92734317475956,81.92734317475956,0,-0.45359881258242307,-46.56405768266245,-66.90556623094645
2026-05-30 00:00:00,solana,crypto,81.93824998806676,81.93824998806676,81.93824998806676,81.93824998806676,0,0.013312787751385002,-46.5569438690788,-66.90116043922126
2026-05-31 00:00:00,solana,crypto,82.53704791458337,82.53704791458337,82.53704791458337,82.53704791458337,0,0.7307916957023375,-46.16638645294449,-66.65927686833724
2026-06-01 00:00:00,solana,crypto,82.23389464627607,82.23389464627607,82.23389464627607,82.23389464627607,0,-0.3672935681211076,-46.36411385298999,-66.7817351999649
2026-06-02 00:00:00,solana,crypto,81.13213926466626,81.13213926466626,81.13213926466626,81.13213926466626,0,-1.3397825633200688,-47.08271810326984,-67.22678771959328
2026-06-03 00:00:00,solana,crypto,73.97134364162103,73.97134364162103,73.97134364162103,73.97134364162103,0,-8.826089990904284,-51.753245024215744,-70.11938092837204
2026-06-04 00:00:00,solana,crypto,71.67924967083816,71.67924967083816,71.67924967083816,71.67924967083816,0,-3.0986242211412107,-53.24823065981005,-71.04526902835246
2026-06-05 00:00:00,solana,crypto,68.77473144970334,68.77473144970334,68.77473144970334,68.77473144970334,0,-4.052104666933321,-55.14266128711779,-72.21854503335258
2026-06-06 00:00:00,solana,crypto,63.436938264845274,63.436938264845274,63.436938264845274,63.436938264845274,0,-7.761270850998125,-58.62416084117421,-74.37473899966214
2026-06-07 00:00:00,solana,crypto,62.15787730495795,62.15787730495795,62.15787730495795,62.15787730495795,0,-2.0162715838323186,-59.458410128705786,-74.89141385549483
2026-06-08 00:00:00,solana,crypto,66.23804945065606,66.23804945065606,66.23804945065606,66.23804945065606,0,6.564207663784982,-56.79717597935401,-73.24323411952916
2026-06-09 00:00:00,solana,crypto,66.7152718205585,66.7152718205585,66.7152718205585,66.7152718205585,0,0.7204656143414034,-56.485914487860825,-73.05046082185055
2026-06-10 00:00:00,solana,crypto,64.9594701064649,64.9594701064649,64.9594701064649,64.9594701064649,0,-2.63178379729323,-57.63111113990963,-73.75971442738629
2026-06-11 00:00:00,solana,crypto,63.17177713245619,63.17177713245619,63.17177713245619,63.17177713245619,0,-2.7520128644503816,-58.797108411863995,-74.48185046201313
2026-06-12 00:00:00,solana,crypto,66.74126912000104,66.74126912000104,66.74126912000104,66.74126912000104,0,5.65045365125707,-56.46895811969868,-73.03995924971069
2026-06-13 00:00:00,solana,crypto,66.70380660349642,66.70380660349642,66.70380660349642,66.70380660349642,0,-0.05613096214466262,-56.49339251233769,-73.05509217997843
2026-06-14 00:00:00,solana,crypto,68.80884889185675,68.80884889185675,68.80884889185675,68.80884889185675,0,3.155805336377915,-55.12040867156506,-72.20476334111208
2026-06-15 00:00:00,solana,crypto,71.09229620759187,71.09229620759187,71.09229620759187,71.09229620759187,0,3.31853729935796,-53.63106269353152,-71.28236804514209
2026-06-16 00:00:00,solana,crypto,73.96445312743218,73.96445312743218,73.96445312743218,73.96445312743218,0,4.040039600709355,-51.7577392639221,-70.12216434177985
2026-06-17 00:00:00,solana,crypto,73.46514998230026,73.46514998230026,73.46514998230026,73.46514998230026,0,-0.6750582530119953,-52.08340262646056,-70.32385713721203
2026-06-18 00:00:00,solana,crypto,71.97734145231792,71.97734145231792,71.97734145231792,71.97734145231792,0,-2.025189535910288,-53.053804542433745,-70.92485527713099
2026-06-19 00:00:00,solana,crypto,69.6417248770243,69.6417248770243,69.6417248770243,69.6417248770243,0,-3.2449330972315282,-54.57717717672732,-71.86832427131134
2026-06-20 00:00:00,solana,crypto,69.40949530591867,69.40949530591867,69.40949530591867,69.40949530591867,0,-0.3334632671946447,-54.728645605765834,-71.96213307631284
2026-06-21 00:00:00,solana,crypto,73.20219620052508,73.20219620052508,73.20219620052508,73.20219620052508,0,5.464239262784276,-52.25491048416189,-70.43007694342151
2026-06-22 00:00:00,solana,crypto,72.4538780702463,72.4538780702463,72.4538780702463,72.4538780702463,0,-1.0222618570471353,-52.74299032289531,-70.7323589879871
2026-06-23 00:00:00,solana,crypto,71.835438394739,71.835438394739,71.835438394739,71.835438394739,0,-0.8535632487576494,-53.14635878996092,-70.98217681544395
2026-06-24 00:00:00,solana,crypto,69.60915357999608,69.60915357999608,69.60915357999608,69.60915357999608,0,-3.0991455811954394,-54.59842134115102,-71.88148140042723
2026-06-25 00:00:00,solana,crypto,67.88914542549072,67.88914542549072,67.88914542549072,67.88914542549072,0,-2.470951112095754,-55.72027215393087,-72.57627624846825
2026-06-26 00:00:00,solana,crypto,67.62778739518203,67.62778739518203,67.62778739518203,67.62778739518203,0,-0.38497764063850637,-55.890739205473814,-72.6818514531421
2026-06-27 00:00:00,solana,crypto,71.83492642768786,71.83492642768786,71.83492642768786,71.83492642768786,0,6.221021261454962,-53.146692713175725,-70.98238362380623
2026-06-28 00:00:00,solana,crypto,70.46499748973447,70.46499748973447,70.46499748973447,70.46499748973447,0,-1.9070513552100876,-54.040209344749854,-71.53576447015809
2026-06-29 00:00:00,solana,crypto,71.39855113261784,71.39855113261784,71.39855113261784,71.39855113261784,0,1.3248473371752612,-53.431312282082445,-71.15865680369367
2026-06-29 21:31:52,solana,crypto,75.37618970498295,75.37618970498295,75.37618970498295,75.37618970498295,0,5.571035419159864,-50.83695419507931,-69.551895358866
