date,symbol,asset_type,open,high,low,close,volume
2025-06-30 00:00:00,ethereum,crypto,2502.6672721177083,2502.6672721177083,2502.6672721177083,2502.6672721177083,0
2025-07-01 00:00:00,ethereum,crypto,2488.190781689803,2488.190781689803,2488.190781689803,2488.190781689803,0
2025-07-02 00:00:00,ethereum,crypto,2405.1045592800183,2405.1045592800183,2405.1045592800183,2405.1045592800183,0
2025-07-03 00:00:00,ethereum,crypto,2574.067718495133,2574.067718495133,2574.067718495133,2574.067718495133,0
2025-07-04 00:00:00,ethereum,crypto,2590.132231590221,2590.132231590221,2590.132231590221,2590.132231590221,0
2025-07-05 00:00:00,ethereum,crypto,2509.236345783362,2509.236345783362,2509.236345783362,2509.236345783362,0
2025-07-06 00:00:00,ethereum,crypto,2517.37917835065,2517.37917835065,2517.37917835065,2517.37917835065,0
2025-07-07 00:00:00,ethereum,crypto,2571.358192115984,2571.358192115984,2571.358192115984,2571.358192115984,0
2025-07-08 00:00:00,ethereum,crypto,2543.6317028067488,2543.6317028067488,2543.6317028067488,2543.6317028067488,0
2025-07-09 00:00:00,ethereum,crypto,2615.7759888945047,2615.7759888945047,2615.7759888945047,2615.7759888945047,0
2025-07-10 00:00:00,ethereum,crypto,2772.5795626609174,2772.5795626609174,2772.5795626609174,2772.5795626609174,0
2025-07-11 00:00:00,ethereum,crypto,2948.4462027029053,2948.4462027029053,2948.4462027029053,2948.4462027029053,0
2025-07-12 00:00:00,ethereum,crypto,2958.8514450990992,2958.8514450990992,2958.8514450990992,2958.8514450990992,0
2025-07-13 00:00:00,ethereum,crypto,2942.9616055388096,2942.9616055388096,2942.9616055388096,2942.9616055388096,0
2025-07-14 00:00:00,ethereum,crypto,2974.2654952333387,2974.2654952333387,2974.2654952333387,2974.2654952333387,0
2025-07-15 00:00:00,ethereum,crypto,3012.1797069059276,3012.1797069059276,3012.1797069059276,3012.1797069059276,0
2025-07-16 00:00:00,ethereum,crypto,3133.069857747011,3133.069857747011,3133.069857747011,3133.069857747011,0
2025-07-17 00:00:00,ethereum,crypto,3368.126521526108,3368.126521526108,3368.126521526108,3368.126521526108,0
2025-07-18 00:00:00,ethereum,crypto,3481.8828152374017,3481.8828152374017,3481.8828152374017,3481.8828152374017,0
2025-07-19 00:00:00,ethereum,crypto,3547.317079001209,3547.317079001209,3547.317079001209,3547.317079001209,0
2025-07-20 00:00:00,ethereum,crypto,3594.3185010809702,3594.3185010809702,3594.3185010809702,3594.3185010809702,0
2025-07-21 00:00:00,ethereum,crypto,3758.605581813957,3758.605581813957,3758.605581813957,3758.605581813957,0
2025-07-22 00:00:00,ethereum,crypto,3765.453624023574,3765.453624023574,3765.453624023574,3765.453624023574,0
2025-07-23 00:00:00,ethereum,crypto,3746.9406687316323,3746.9406687316323,3746.9406687316323,3746.9406687316323,0
2025-07-24 00:00:00,ethereum,crypto,3630.053531480921,3630.053531480921,3630.053531480921,3630.053531480921,0
2025-07-25 00:00:00,ethereum,crypto,3708.4299352383423,3708.4299352383423,3708.4299352383423,3708.4299352383423,0
2025-07-26 00:00:00,ethereum,crypto,3723.0529092785596,3723.0529092785596,3723.0529092785596,3723.0529092785596,0
2025-07-27 00:00:00,ethereum,crypto,3742.4314258659915,3742.4314258659915,3742.4314258659915,3742.4314258659915,0
2025-07-28 00:00:00,ethereum,crypto,3864.1248374654765,3864.1248374654765,3864.1248374654765,3864.1248374654765,0
2025-07-29 00:00:00,ethereum,crypto,3786.303845995956,3786.303845995956,3786.303845995956,3786.303845995956,0
2025-07-30 00:00:00,ethereum,crypto,3788.5983716058226,3788.5983716058226,3788.5983716058226,3788.5983716058226,0
2025-07-31 00:00:00,ethereum,crypto,3807.4166010824188,3807.4166010824188,3807.4166010824188,3807.4166010824188,0
2025-08-01 00:00:00,ethereum,crypto,3696.6628530851194,3696.6628530851194,3696.6628530851194,3696.6628530851194,0
2025-08-02 00:00:00,ethereum,crypto,3483.1789551579504,3483.1789551579504,3483.1789551579504,3483.1789551579504,0
2025-08-03 00:00:00,ethereum,crypto,3397.4855484143177,3397.4855484143177,3397.4855484143177,3397.4855484143177,0
2025-08-04 00:00:00,ethereum,crypto,3497.573127822404,3497.573127822404,3497.573127822404,3497.573127822404,0
2025-08-05 00:00:00,ethereum,crypto,3715.7090148550706,3715.7090148550706,3715.7090148550706,3715.7090148550706,0
2025-08-06 00:00:00,ethereum,crypto,3612.442432236669,3612.442432236669,3612.442432236669,3612.442432236669,0
2025-08-07 00:00:00,ethereum,crypto,3684.0459195726726,3684.0459195726726,3684.0459195726726,3684.0459195726726,0
2025-08-08 00:00:00,ethereum,crypto,3911.2609462690816,3911.2609462690816,3911.2609462690816,3911.2609462690816,0
2025-08-09 00:00:00,ethereum,crypto,4012.97697001236,4012.97697001236,4012.97697001236,4012.97697001236,0
2025-08-10 00:00:00,ethereum,crypto,4265.563258333516,4265.563258333516,4265.563258333516,4265.563258333516,0
2025-08-11 00:00:00,ethereum,crypto,4253.591618951185,4253.591618951185,4253.591618951185,4253.591618951185,0
2025-08-12 00:00:00,ethereum,crypto,4228.824213261163,4228.824213261163,4228.824213261163,4228.824213261163,0
2025-08-13 00:00:00,ethereum,crypto,4606.809427709522,4606.809427709522,4606.809427709522,4606.809427709522,0
2025-08-14 00:00:00,ethereum,crypto,4763.652535322159,4763.652535322159,4763.652535322159,4763.652535322159,0
2025-08-15 00:00:00,ethereum,crypto,4554.291501538621,4554.291501538621,4554.291501538621,4554.291501538621,0
2025-08-16 00:00:00,ethereum,crypto,4430.532465017841,4430.532465017841,4430.532465017841,4430.532465017841,0
2025-08-17 00:00:00,ethereum,crypto,4426.826913311333,4426.826913311333,4426.826913311333,4426.826913311333,0
2025-08-18 00:00:00,ethereum,crypto,4487.118013759226,4487.118013759226,4487.118013759226,4487.118013759226,0
2025-08-19 00:00:00,ethereum,crypto,4317.2757573282315,4317.2757573282315,4317.2757573282315,4317.2757573282315,0
2025-08-20 00:00:00,ethereum,crypto,4074.495786100515,4074.495786100515,4074.495786100515,4074.495786100515,0
2025-08-21 00:00:00,ethereum,crypto,4330.491598768078,4330.491598768078,4330.491598768078,4330.491598768078,0
2025-08-22 00:00:00,ethereum,crypto,4224.438592580698,4224.438592580698,4224.438592580698,4224.438592580698,0
2025-08-23 00:00:00,ethereum,crypto,4829.225541798332,4829.225541798332,4829.225541798332,4829.225541798332,0
2025-08-24 00:00:00,ethereum,crypto,4773.884088598777,4773.884088598777,4773.884088598777,4773.884088598777,0
2025-08-25 00:00:00,ethereum,crypto,4778.10916071381,4778.10916071381,4778.10916071381,4778.10916071381,0
2025-08-26 00:00:00,ethereum,crypto,4381.626176071471,4381.626176071471,4381.626176071471,4381.626176071471,0
2025-08-27 00:00:00,ethereum,crypto,4602.369685333965,4602.369685333965,4602.369685333965,4602.369685333965,0
2025-08-28 00:00:00,ethereum,crypto,4500.1451479982325,4500.1451479982325,4500.1451479982325,4500.1451479982325,0
2025-08-29 00:00:00,ethereum,crypto,4507.560431032719,4507.560431032719,4507.560431032719,4507.560431032719,0
2025-08-30 00:00:00,ethereum,crypto,4364.358521430426,4364.358521430426,4364.358521430426,4364.358521430426,0
2025-08-31 00:00:00,ethereum,crypto,4373.360357620914,4373.360357620914,4373.360357620914,4373.360357620914,0
2025-09-01 00:00:00,ethereum,crypto,4388.931464519364,4388.931464519364,4388.931464519364,4388.931464519364,0
2025-09-02 00:00:00,ethereum,crypto,4303.202222745541,4303.202222745541,4303.202222745541,4303.202222745541,0
2025-09-03 00:00:00,ethereum,crypto,4325.856306225941,4325.856306225941,4325.856306225941,4325.856306225941,0
2025-09-04 00:00:00,ethereum,crypto,4449.8670977283255,4449.8670977283255,4449.8670977283255,4449.8670977283255,0
2025-09-05 00:00:00,ethereum,crypto,4298.094660544595,4298.094660544595,4298.094660544595,4298.094660544595,0
2025-09-06 00:00:00,ethereum,crypto,4306.613513100346,4306.613513100346,4306.613513100346,4306.613513100346,0
2025-09-07 00:00:00,ethereum,crypto,4273.110024157841,4273.110024157841,4273.110024157841,4273.110024157841,0
2025-09-08 00:00:00,ethereum,crypto,4304.032421076036,4304.032421076036,4304.032421076036,4304.032421076036,0
2025-09-09 00:00:00,ethereum,crypto,4309.685702772004,4309.685702772004,4309.685702772004,4309.685702772004,0
2025-09-10 00:00:00,ethereum,crypto,4309.342746120013,4309.342746120013,4309.342746120013,4309.342746120013,0
2025-09-11 00:00:00,ethereum,crypto,4347.476803670656,4347.476803670656,4347.476803670656,4347.476803670656,0
2025-09-12 00:00:00,ethereum,crypto,4459.31901599882,4459.31901599882,4459.31901599882,4459.31901599882,0
2025-09-13 00:00:00,ethereum,crypto,4708.841744149995,4708.841744149995,4708.841744149995,4708.841744149995,0
2025-09-14 00:00:00,ethereum,crypto,4667.699652630318,4667.699652630318,4667.699652630318,4667.699652630318,0
2025-09-15 00:00:00,ethereum,crypto,4609.786110950785,4609.786110950785,4609.786110950785,4609.786110950785,0
2025-09-16 00:00:00,ethereum,crypto,4524.244939102515,4524.244939102515,4524.244939102515,4524.244939102515,0
2025-09-17 00:00:00,ethereum,crypto,4504.266635522813,4504.266635522813,4504.266635522813,4504.266635522813,0
2025-09-18 00:00:00,ethereum,crypto,4591.768794331328,4591.768794331328,4591.768794331328,4591.768794331328,0
2025-09-19 00:00:00,ethereum,crypto,4590.6367372135155,4590.6367372135155,4590.6367372135155,4590.6367372135155,0
2025-09-20 00:00:00,ethereum,crypto,4470.479474009387,4470.479474009387,4470.479474009387,4470.479474009387,0
2025-09-21 00:00:00,ethereum,crypto,4481.799472368209,4481.799472368209,4481.799472368209,4481.799472368209,0
2025-09-22 00:00:00,ethereum,crypto,4452.87113037789,4452.87113037789,4452.87113037789,4452.87113037789,0
2025-09-23 00:00:00,ethereum,crypto,4199.951774017639,4199.951774017639,4199.951774017639,4199.951774017639,0
2025-09-24 00:00:00,ethereum,crypto,4166.1905498775295,4166.1905498775295,4166.1905498775295,4166.1905498775295,0
2025-09-25 00:00:00,ethereum,crypto,4148.65682762035,4148.65682762035,4148.65682762035,4148.65682762035,0
2025-09-26 00:00:00,ethereum,crypto,3863.0632875907245,3863.0632875907245,3863.0632875907245,3863.0632875907245,0
2025-09-27 00:00:00,ethereum,crypto,4037.0979210260916,4037.0979210260916,4037.0979210260916,4037.0979210260916,0
2025-09-28 00:00:00,ethereum,crypto,4018.167453105732,4018.167453105732,4018.167453105732,4018.167453105732,0
2025-09-29 00:00:00,ethereum,crypto,4141.839664086501,4141.839664086501,4141.839664086501,4141.839664086501,0
2025-09-30 00:00:00,ethereum,crypto,4215.61278947927,4215.61278947927,4215.61278947927,4215.61278947927,0
2025-10-01 00:00:00,ethereum,crypto,4144.230463371581,4144.230463371581,4144.230463371581,4144.230463371581,0
2025-10-02 00:00:00,ethereum,crypto,4343.951983440489,4343.951983440489,4343.951983440489,4343.951983440489,0
2025-10-03 00:00:00,ethereum,crypto,4484.006245909478,4484.006245909478,4484.006245909478,4484.006245909478,0
2025-10-04 00:00:00,ethereum,crypto,4515.759068159723,4515.759068159723,4515.759068159723,4515.759068159723,0
2025-10-05 00:00:00,ethereum,crypto,4487.706651673285,4487.706651673285,4487.706651673285,4487.706651673285,0
2025-10-06 00:00:00,ethereum,crypto,4515.321391965295,4515.321391965295,4515.321391965295,4515.321391965295,0
2025-10-07 00:00:00,ethereum,crypto,4689.131734746596,4689.131734746596,4689.131734746596,4689.131734746596,0
2025-10-08 00:00:00,ethereum,crypto,4454.32846286666,4454.32846286666,4454.32846286666,4454.32846286666,0
2025-10-09 00:00:00,ethereum,crypto,4527.578004547945,4527.578004547945,4527.578004547945,4527.578004547945,0
2025-10-10 00:00:00,ethereum,crypto,4368.649439385323,4368.649439385323,4368.649439385323,4368.649439385323,0
2025-10-11 00:00:00,ethereum,crypto,3835.632842050135,3835.632842050135,3835.632842050135,3835.632842050135,0
2025-10-12 00:00:00,ethereum,crypto,3749.218185954949,3749.218185954949,3749.218185954949,3749.218185954949,0
2025-10-13 00:00:00,ethereum,crypto,4159.729307791921,4159.729307791921,4159.729307791921,4159.729307791921,0
2025-10-14 00:00:00,ethereum,crypto,4246.217461554773,4246.217461554773,4246.217461554773,4246.217461554773,0
2025-10-15 00:00:00,ethereum,crypto,4128.888447033946,4128.888447033946,4128.888447033946,4128.888447033946,0
2025-10-16 00:00:00,ethereum,crypto,3983.1544356894233,3983.1544356894233,3983.1544356894233,3983.1544356894233,0
2025-10-17 00:00:00,ethereum,crypto,3890.1993012479857,3890.1993012479857,3890.1993012479857,3890.1993012479857,0
2025-10-18 00:00:00,ethereum,crypto,3831.244175835675,3831.244175835675,3831.244175835675,3831.244175835675,0
2025-10-19 00:00:00,ethereum,crypto,3889.4990302043157,3889.4990302043157,3889.4990302043157,3889.4990302043157,0
2025-10-20 00:00:00,ethereum,crypto,3985.0765644046796,3985.0765644046796,3985.0765644046796,3985.0765644046796,0
2025-10-21 00:00:00,ethereum,crypto,3978.7901551344357,3978.7901551344357,3978.7901551344357,3978.7901551344357,0
2025-10-22 00:00:00,ethereum,crypto,3877.4871979550117,3877.4871979550117,3877.4871979550117,3877.4871979550117,0
2025-10-23 00:00:00,ethereum,crypto,3801.7907952382916,3801.7907952382916,3801.7907952382916,3801.7907952382916,0
2025-10-24 00:00:00,ethereum,crypto,3855.8421162401205,3855.8421162401205,3855.8421162401205,3855.8421162401205,0
2025-10-25 00:00:00,ethereum,crypto,3933.232269901015,3933.232269901015,3933.232269901015,3933.232269901015,0
2025-10-26 00:00:00,ethereum,crypto,3952.213557935584,3952.213557935584,3952.213557935584,3952.213557935584,0
2025-10-27 00:00:00,ethereum,crypto,4161.590896249249,4161.590896249249,4161.590896249249,4161.590896249249,0
2025-10-28 00:00:00,ethereum,crypto,4123.206220671679,4123.206220671679,4123.206220671679,4123.206220671679,0
2025-10-29 00:00:00,ethereum,crypto,3982.3127893175442,3982.3127893175442,3982.3127893175442,3982.3127893175442,0
2025-10-30 00:00:00,ethereum,crypto,3897.359267616961,3897.359267616961,3897.359267616961,3897.359267616961,0
2025-10-31 00:00:00,ethereum,crypto,3802.2953645331804,3802.2953645331804,3802.2953645331804,3802.2953645331804,0
2025-11-01 00:00:00,ethereum,crypto,3847.298177365196,3847.298177365196,3847.298177365196,3847.298177365196,0
2025-11-02 00:00:00,ethereum,crypto,3872.2118961957594,3872.2118961957594,3872.2118961957594,3872.2118961957594,0
2025-11-03 00:00:00,ethereum,crypto,3910.0947691627284,3910.0947691627284,3910.0947691627284,3910.0947691627284,0
2025-11-04 00:00:00,ethereum,crypto,3600.71550248779,3600.71550248779,3600.71550248779,3600.71550248779,0
2025-11-05 00:00:00,ethereum,crypto,3296.7437604313104,3296.7437604313104,3296.7437604313104,3296.7437604313104,0
2025-11-06 00:00:00,ethereum,crypto,3427.6905913706814,3427.6905913706814,3427.6905913706814,3427.6905913706814,0
2025-11-07 00:00:00,ethereum,crypto,3308.918164921951,3308.918164921951,3308.918164921951,3308.918164921951,0
2025-11-08 00:00:00,ethereum,crypto,3434.3512285299594,3434.3512285299594,3434.3512285299594,3434.3512285299594,0
2025-11-09 00:00:00,ethereum,crypto,3401.4594003397083,3401.4594003397083,3401.4594003397083,3401.4594003397083,0
2025-11-10 00:00:00,ethereum,crypto,3576.2547046627064,3576.2547046627064,3576.2547046627064,3576.2547046627064,0
2025-11-11 00:00:00,ethereum,crypto,3564.6105957999334,3564.6105957999334,3564.6105957999334,3564.6105957999334,0
2025-11-12 00:00:00,ethereum,crypto,3416.781328259322,3416.781328259322,3416.781328259322,3416.781328259322,0
2025-11-13 00:00:00,ethereum,crypto,3409.6144555411624,3409.6144555411624,3409.6144555411624,3409.6144555411624,0
2025-11-14 00:00:00,ethereum,crypto,3235.7276362968546,3235.7276362968546,3235.7276362968546,3235.7276362968546,0
2025-11-15 00:00:00,ethereum,crypto,3106.601287865052,3106.601287865052,3106.601287865052,3106.601287865052,0
2025-11-16 00:00:00,ethereum,crypto,3170.1129807404664,3170.1129807404664,3170.1129807404664,3170.1129807404664,0
2025-11-17 00:00:00,ethereum,crypto,3101.686799467,3101.686799467,3101.686799467,3101.686799467,0
2025-11-18 00:00:00,ethereum,crypto,3021.3021576301335,3021.3021576301335,3021.3021576301335,3021.3021576301335,0
2025-11-19 00:00:00,ethereum,crypto,3117.2225871583155,3117.2225871583155,3117.2225871583155,3117.2225871583155,0
2025-11-20 00:00:00,ethereum,crypto,3017.7483614097955,3017.7483614097955,3017.7483614097955,3017.7483614097955,0
2025-11-21 00:00:00,ethereum,crypto,2832.068358334293,2832.068358334293,2832.068358334293,2832.068358334293,0
2025-11-22 00:00:00,ethereum,crypto,2764.735218675169,2764.735218675169,2764.735218675169,2764.735218675169,0
2025-11-23 00:00:00,ethereum,crypto,2768.6178294996353,2768.6178294996353,2768.6178294996353,2768.6178294996353,0
2025-11-24 00:00:00,ethereum,crypto,2799.8149340924633,2799.8149340924633,2799.8149340924633,2799.8149340924633,0
2025-11-25 00:00:00,ethereum,crypto,2953.327645752226,2953.327645752226,2953.327645752226,2953.327645752226,0
2025-11-26 00:00:00,ethereum,crypto,2955.046469321271,2955.046469321271,2955.046469321271,2955.046469321271,0
2025-11-27 00:00:00,ethereum,crypto,3027.477249132549,3027.477249132549,3027.477249132549,3027.477249132549,0
2025-11-28 00:00:00,ethereum,crypto,3015.6118196920934,3015.6118196920934,3015.6118196920934,3015.6118196920934,0
2025-11-29 00:00:00,ethereum,crypto,3033.135645414151,3033.135645414151,3033.135645414151,3033.135645414151,0
2025-11-30 00:00:00,ethereum,crypto,2991.2330117032593,2991.2330117032593,2991.2330117032593,2991.2330117032593,0
2025-12-01 00:00:00,ethereum,crypto,2992.8341859495977,2992.8341859495977,2992.8341859495977,2992.8341859495977,0
2025-12-02 00:00:00,ethereum,crypto,2799.0367919901605,2799.0367919901605,2799.0367919901605,2799.0367919901605,0
2025-12-03 00:00:00,ethereum,crypto,2995.751149322771,2995.751149322771,2995.751149322771,2995.751149322771,0
2025-12-04 00:00:00,ethereum,crypto,3195.4089919085554,3195.4089919085554,3195.4089919085554,3195.4089919085554,0
2025-12-05 00:00:00,ethereum,crypto,3133.698235618616,3133.698235618616,3133.698235618616,3133.698235618616,0
2025-12-06 00:00:00,ethereum,crypto,3022.6564205232035,3022.6564205232035,3022.6564205232035,3022.6564205232035,0
2025-12-07 00:00:00,ethereum,crypto,3039.358573133242,3039.358573133242,3039.358573133242,3039.358573133242,0
2025-12-08 00:00:00,ethereum,crypto,3052.976330436545,3052.976330436545,3052.976330436545,3052.976330436545,0
2025-12-09 00:00:00,ethereum,crypto,3125.321462183988,3125.321462183988,3125.321462183988,3125.321462183988,0
2025-12-10 00:00:00,ethereum,crypto,3322.469217836626,3322.469217836626,3322.469217836626,3322.469217836626,0
2025-12-11 00:00:00,ethereum,crypto,3326.260211637518,3326.260211637518,3326.260211637518,3326.260211637518,0
2025-12-12 00:00:00,ethereum,crypto,3236.0986208578574,3236.0986208578574,3236.0986208578574,3236.0986208578574,0
2025-12-13 00:00:00,ethereum,crypto,3085.316694358101,3085.316694358101,3085.316694358101,3085.316694358101,0
2025-12-14 00:00:00,ethereum,crypto,3115.225428835284,3115.225428835284,3115.225428835284,3115.225428835284,0
2025-12-15 00:00:00,ethereum,crypto,3065.4912355563642,3065.4912355563642,3065.4912355563642,3065.4912355563642,0
2025-12-16 00:00:00,ethereum,crypto,2964.488557692104,2964.488557692104,2964.488557692104,2964.488557692104,0
2025-12-17 00:00:00,ethereum,crypto,2964.2627915054686,2964.2627915054686,2964.2627915054686,2964.2627915054686,0
2025-12-18 00:00:00,ethereum,crypto,2827.8041755024283,2827.8041755024283,2827.8041755024283,2827.8041755024283,0
2025-12-19 00:00:00,ethereum,crypto,2826.5948465107654,2826.5948465107654,2826.5948465107654,2826.5948465107654,0
2025-12-20 00:00:00,ethereum,crypto,2976.796869557769,2976.796869557769,2976.796869557769,2976.796869557769,0
2025-12-21 00:00:00,ethereum,crypto,2977.162263207443,2977.162263207443,2977.162263207443,2977.162263207443,0
2025-12-22 00:00:00,ethereum,crypto,3001.6008377810244,3001.6008377810244,3001.6008377810244,3001.6008377810244,0
2025-12-23 00:00:00,ethereum,crypto,3005.786780691547,3005.786780691547,3005.786780691547,3005.786780691547,0
2025-12-24 00:00:00,ethereum,crypto,2965.193660040505,2965.193660040505,2965.193660040505,2965.193660040505,0
2025-12-25 00:00:00,ethereum,crypto,2945.9878145019857,2945.9878145019857,2945.9878145019857,2945.9878145019857,0
2025-12-26 00:00:00,ethereum,crypto,2904.252344599994,2904.252344599994,2904.252344599994,2904.252344599994,0
2025-12-27 00:00:00,ethereum,crypto,2926.695639112761,2926.695639112761,2926.695639112761,2926.695639112761,0
2025-12-28 00:00:00,ethereum,crypto,2948.8621262576116,2948.8621262576116,2948.8621262576116,2948.8621262576116,0
2025-12-29 00:00:00,ethereum,crypto,2947.8597605720547,2947.8597605720547,2947.8597605720547,2947.8597605720547,0
2025-12-30 00:00:00,ethereum,crypto,2934.215601758931,2934.215601758931,2934.215601758931,2934.215601758931,0
2025-12-31 00:00:00,ethereum,crypto,2970.055474481003,2970.055474481003,2970.055474481003,2970.055474481003,0
2026-01-01 00:00:00,ethereum,crypto,2966.7741798134107,2966.7741798134107,2966.7741798134107,2966.7741798134107,0
2026-01-02 00:00:00,ethereum,crypto,3000.4191168879165,3000.4191168879165,3000.4191168879165,3000.4191168879165,0
2026-01-03 00:00:00,ethereum,crypto,3121.9006724537576,3121.9006724537576,3121.9006724537576,3121.9006724537576,0
2026-01-04 00:00:00,ethereum,crypto,3126.041091396286,3126.041091396286,3126.041091396286,3126.041091396286,0
2026-01-05 00:00:00,ethereum,crypto,3139.057041912684,3139.057041912684,3139.057041912684,3139.057041912684,0
2026-01-06 00:00:00,ethereum,crypto,3228.2962247842056,3228.2962247842056,3228.2962247842056,3228.2962247842056,0
2026-01-07 00:00:00,ethereum,crypto,3295.101927879638,3295.101927879638,3295.101927879638,3295.101927879638,0
2026-01-08 00:00:00,ethereum,crypto,3164.794750249208,3164.794750249208,3164.794750249208,3164.794750249208,0
2026-01-09 00:00:00,ethereum,crypto,3104.220322474917,3104.220322474917,3104.220322474917,3104.220322474917,0
2026-01-10 00:00:00,ethereum,crypto,3083.1361173724354,3083.1361173724354,3083.1361173724354,3083.1361173724354,0
2026-01-11 00:00:00,ethereum,crypto,3082.9653288303607,3082.9653288303607,3082.9653288303607,3082.9653288303607,0
2026-01-12 00:00:00,ethereum,crypto,3119.3619360372772,3119.3619360372772,3119.3619360372772,3119.3619360372772,0
2026-01-13 00:00:00,ethereum,crypto,3090.2827206647894,3090.2827206647894,3090.2827206647894,3090.2827206647894,0
2026-01-14 00:00:00,ethereum,crypto,3319.9354070565078,3319.9354070565078,3319.9354070565078,3319.9354070565078,0
2026-01-15 00:00:00,ethereum,crypto,3356.4964063628336,3356.4964063628336,3356.4964063628336,3356.4964063628336,0
2026-01-16 00:00:00,ethereum,crypto,3318.2037023491666,3318.2037023491666,3318.2037023491666,3318.2037023491666,0
2026-01-17 00:00:00,ethereum,crypto,3296.062650076136,3296.062650076136,3296.062650076136,3296.062650076136,0
2026-01-18 00:00:00,ethereum,crypto,3306.8712226908783,3306.8712226908783,3306.8712226908783,3306.8712226908783,0
2026-01-19 00:00:00,ethereum,crypto,3284.3194316465483,3284.3194316465483,3284.3194316465483,3284.3194316465483,0
2026-01-20 00:00:00,ethereum,crypto,3185.6644636922747,3185.6644636922747,3185.6644636922747,3185.6644636922747,0
2026-01-21 00:00:00,ethereum,crypto,2935.6234193160412,2935.6234193160412,2935.6234193160412,2935.6234193160412,0
2026-01-22 00:00:00,ethereum,crypto,2976.0491465641335,2976.0491465641335,2976.0491465641335,2976.0491465641335,0
2026-01-23 00:00:00,ethereum,crypto,2948.277889615024,2948.277889615024,2948.277889615024,2948.277889615024,0
2026-01-24 00:00:00,ethereum,crypto,2950.9128485703054,2950.9128485703054,2950.9128485703054,2950.9128485703054,0
2026-01-25 00:00:00,ethereum,crypto,2949.197384616335,2949.197384616335,2949.197384616335,2949.197384616335,0
2026-01-26 00:00:00,ethereum,crypto,2814.1853835458546,2814.1853835458546,2814.1853835458546,2814.1853835458546,0
2026-01-27 00:00:00,ethereum,crypto,2927.836546921288,2927.836546921288,2927.836546921288,2927.836546921288,0
2026-01-28 00:00:00,ethereum,crypto,3021.091516998928,3021.091516998928,3021.091516998928,3021.091516998928,0
2026-01-29 00:00:00,ethereum,crypto,3006.8071129555346,3006.8071129555346,3006.8071129555346,3006.8071129555346,0
2026-01-30 00:00:00,ethereum,crypto,2818.817890220326,2818.817890220326,2818.817890220326,2818.817890220326,0
2026-01-31 00:00:00,ethereum,crypto,2702.40799526457,2702.40799526457,2702.40799526457,2702.40799526457,0
2026-02-01 00:00:00,ethereum,crypto,2443.9290245632774,2443.9290245632774,2443.9290245632774,2443.9290245632774,0
2026-02-02 00:00:00,ethereum,crypto,2269.3288518651166,2269.3288518651166,2269.3288518651166,2269.3288518651166,0
2026-02-03 00:00:00,ethereum,crypto,2344.512261445349,2344.512261445349,2344.512261445349,2344.512261445349,0
2026-02-04 00:00:00,ethereum,crypto,2226.985635575225,2226.985635575225,2226.985635575225,2226.985635575225,0
2026-02-05 00:00:00,ethereum,crypto,2152.0870116729375,2152.0870116729375,2152.0870116729375,2152.0870116729375,0
2026-02-06 00:00:00,ethereum,crypto,1820.5693215574129,1820.5693215574129,1820.5693215574129,1820.5693215574129,0
2026-02-07 00:00:00,ethereum,crypto,2060.7349645674162,2060.7349645674162,2060.7349645674162,2060.7349645674162,0
2026-02-08 00:00:00,ethereum,crypto,2091.040353689534,2091.040353689534,2091.040353689534,2091.040353689534,0
2026-02-09 00:00:00,ethereum,crypto,2095.1305644770564,2095.1305644770564,2095.1305644770564,2095.1305644770564,0
2026-02-10 00:00:00,ethereum,crypto,2104.4577921908335,2104.4577921908335,2104.4577921908335,2104.4577921908335,0
2026-02-11 00:00:00,ethereum,crypto,2018.9237788543585,2018.9237788543585,2018.9237788543585,2018.9237788543585,0
2026-02-12 00:00:00,ethereum,crypto,1939.4321739711042,1939.4321739711042,1939.4321739711042,1939.4321739711042,0
2026-02-13 00:00:00,ethereum,crypto,1945.7351413092624,1945.7351413092624,1945.7351413092624,1945.7351413092624,0
2026-02-14 00:00:00,ethereum,crypto,2047.3626742531244,2047.3626742531244,2047.3626742531244,2047.3626742531244,0
2026-02-15 00:00:00,ethereum,crypto,2085.5236826118394,2085.5236826118394,2085.5236826118394,2085.5236826118394,0
2026-02-16 00:00:00,ethereum,crypto,1963.9572853026268,1963.9572853026268,1963.9572853026268,1963.9572853026268,0
2026-02-17 00:00:00,ethereum,crypto,2000.6104432030938,2000.6104432030938,2000.6104432030938,2000.6104432030938,0
2026-02-18 00:00:00,ethereum,crypto,1992.004854467171,1992.004854467171,1992.004854467171,1992.004854467171,0
2026-02-19 00:00:00,ethereum,crypto,1954.7534951528544,1954.7534951528544,1954.7534951528544,1954.7534951528544,0
2026-02-20 00:00:00,ethereum,crypto,1946.9092613594232,1946.9092613594232,1946.9092613594232,1946.9092613594232,0
2026-02-21 00:00:00,ethereum,crypto,1967.8121148578189,1967.8121148578189,1967.8121148578189,1967.8121148578189,0
2026-02-22 00:00:00,ethereum,crypto,1973.6643315860636,1973.6643315860636,1973.6643315860636,1973.6643315860636,0
2026-02-23 00:00:00,ethereum,crypto,1954.1913563168575,1954.1913563168575,1954.1913563168575,1954.1913563168575,0
2026-02-24 00:00:00,ethereum,crypto,1853.695790383818,1853.695790383818,1853.695790383818,1853.695790383818,0
2026-02-25 00:00:00,ethereum,crypto,1852.8102933693347,1852.8102933693347,1852.8102933693347,1852.8102933693347,0
2026-02-26 00:00:00,ethereum,crypto,2053.1886740789387,2053.1886740789387,2053.1886740789387,2053.1886740789387,0
2026-02-27 00:00:00,ethereum,crypto,2027.3015182289616,2027.3015182289616,2027.3015182289616,2027.3015182289616,0
2026-02-28 00:00:00,ethereum,crypto,1931.3205870910035,1931.3205870910035,1931.3205870910035,1931.3205870910035,0
2026-03-01 00:00:00,ethereum,crypto,1965.036620141305,1965.036620141305,1965.036620141305,1965.036620141305,0
2026-03-02 00:00:00,ethereum,crypto,1938.411487707785,1938.411487707785,1938.411487707785,1938.411487707785,0
2026-03-03 00:00:00,ethereum,crypto,2029.443994398502,2029.443994398502,2029.443994398502,2029.443994398502,0
2026-03-04 00:00:00,ethereum,crypto,1982.4582786533451,1982.4582786533451,1982.4582786533451,1982.4582786533451,0
2026-03-05 00:00:00,ethereum,crypto,2125.8345858015964,2125.8345858015964,2125.8345858015964,2125.8345858015964,0
2026-03-06 00:00:00,ethereum,crypto,2074.5222481851615,2074.5222481851615,2074.5222481851615,2074.5222481851615,0
2026-03-07 00:00:00,ethereum,crypto,1980.7782841320018,1980.7782841320018,1980.7782841320018,1980.7782841320018,0
2026-03-08 00:00:00,ethereum,crypto,1969.6937981965013,1969.6937981965013,1969.6937981965013,1969.6937981965013,0
2026-03-09 00:00:00,ethereum,crypto,1938.6249253514961,1938.6249253514961,1938.6249253514961,1938.6249253514961,0
2026-03-10 00:00:00,ethereum,crypto,1992.355228734493,1992.355228734493,1992.355228734493,1992.355228734493,0
2026-03-11 00:00:00,ethereum,crypto,2035.2089486782504,2035.2089486782504,2035.2089486782504,2035.2089486782504,0
2026-03-12 00:00:00,ethereum,crypto,2051.7311684113824,2051.7311684113824,2051.7311684113824,2051.7311684113824,0
2026-03-13 00:00:00,ethereum,crypto,2076.5162283684745,2076.5162283684745,2076.5162283684745,2076.5162283684745,0
2026-03-14 00:00:00,ethereum,crypto,2093.00633968562,2093.00633968562,2093.00633968562,2093.00633968562,0
2026-03-15 00:00:00,ethereum,crypto,2096.556369062344,2096.556369062344,2096.556369062344,2096.556369062344,0
2026-03-16 00:00:00,ethereum,crypto,2175.059915408281,2175.059915408281,2175.059915408281,2175.059915408281,0
2026-03-17 00:00:00,ethereum,crypto,2351.172929558985,2351.172929558985,2351.172929558985,2351.172929558985,0
2026-03-18 00:00:00,ethereum,crypto,2318.1196031651903,2318.1196031651903,2318.1196031651903,2318.1196031651903,0
2026-03-19 00:00:00,ethereum,crypto,2203.380058379178,2203.380058379178,2203.380058379178,2203.380058379178,0
2026-03-20 00:00:00,ethereum,crypto,2137.450038431429,2137.450038431429,2137.450038431429,2137.450038431429,0
2026-03-21 00:00:00,ethereum,crypto,2146.971987874902,2146.971987874902,2146.971987874902,2146.971987874902,0
2026-03-22 00:00:00,ethereum,crypto,2078.0492129718186,2078.0492129718186,2078.0492129718186,2078.0492129718186,0
2026-03-23 00:00:00,ethereum,crypto,2053.1449566818205,2053.1449566818205,2053.1449566818205,2053.1449566818205,0
2026-03-24 00:00:00,ethereum,crypto,2151.498274966905,2151.498274966905,2151.498274966905,2151.498274966905,0
2026-03-25 00:00:00,ethereum,crypto,2155.6817607237,2155.6817607237,2155.6817607237,2155.6817607237,0
2026-03-26 00:00:00,ethereum,crypto,2168.2595767488515,2168.2595767488515,2168.2595767488515,2168.2595767488515,0
2026-03-27 00:00:00,ethereum,crypto,2059.332619583916,2059.332619583916,2059.332619583916,2059.332619583916,0
2026-03-28 00:00:00,ethereum,crypto,1991.9001004362854,1991.9001004362854,1991.9001004362854,1991.9001004362854,0
2026-03-29 00:00:00,ethereum,crypto,1992.7681119939894,1992.7681119939894,1992.7681119939894,1992.7681119939894,0
2026-03-30 00:00:00,ethereum,crypto,1983.184167632635,1983.184167632635,1983.184167632635,1983.184167632635,0
2026-03-31 00:00:00,ethereum,crypto,2023.82401658508,2023.82401658508,2023.82401658508,2023.82401658508,0
2026-04-01 00:00:00,ethereum,crypto,2104.8765857093113,2104.8765857093113,2104.8765857093113,2104.8765857093113,0
2026-04-02 00:00:00,ethereum,crypto,2139.0578887146285,2139.0578887146285,2139.0578887146285,2139.0578887146285,0
2026-04-03 00:00:00,ethereum,crypto,2056.8902960008427,2056.8902960008427,2056.8902960008427,2056.8902960008427,0
2026-04-04 00:00:00,ethereum,crypto,2053.6088145168164,2053.6088145168164,2053.6088145168164,2053.6088145168164,0
2026-04-05 00:00:00,ethereum,crypto,2064.9940579142453,2064.9940579142453,2064.9940579142453,2064.9940579142453,0
2026-04-06 00:00:00,ethereum,crypto,2109.005555869251,2109.005555869251,2109.005555869251,2109.005555869251,0
2026-04-07 00:00:00,ethereum,crypto,2107.828320222534,2107.828320222534,2107.828320222534,2107.828320222534,0
2026-04-08 00:00:00,ethereum,crypto,2241.8159903072574,2241.8159903072574,2241.8159903072574,2241.8159903072574,0
2026-04-09 00:00:00,ethereum,crypto,2190.478568186725,2190.478568186725,2190.478568186725,2190.478568186725,0
2026-04-10 00:00:00,ethereum,crypto,2188.9744265525896,2188.9744265525896,2188.9744265525896,2188.9744265525896,0
2026-04-11 00:00:00,ethereum,crypto,2245.0457222392993,2245.0457222392993,2245.0457222392993,2245.0457222392993,0
2026-04-12 00:00:00,ethereum,crypto,2285.4701387600003,2285.4701387600003,2285.4701387600003,2285.4701387600003,0
2026-04-13 00:00:00,ethereum,crypto,2192.1608453362987,2192.1608453362987,2192.1608453362987,2192.1608453362987,0
2026-04-14 00:00:00,ethereum,crypto,2371.8632958349403,2371.8632958349403,2371.8632958349403,2371.8632958349403,0
2026-04-15 00:00:00,ethereum,crypto,2323.217827319875,2323.217827319875,2323.217827319875,2323.217827319875,0
2026-04-16 00:00:00,ethereum,crypto,2359.683410161545,2359.683410161545,2359.683410161545,2359.683410161545,0
2026-04-17 00:00:00,ethereum,crypto,2348.7047080527386,2348.7047080527386,2348.7047080527386,2348.7047080527386,0
2026-04-18 00:00:00,ethereum,crypto,2421.00695362286,2421.00695362286,2421.00695362286,2421.00695362286,0
2026-04-19 00:00:00,ethereum,crypto,2350.9360042357484,2350.9360042357484,2350.9360042357484,2350.9360042357484,0
2026-04-20 00:00:00,ethereum,crypto,2264.8143990219965,2264.8143990219965,2264.8143990219965,2264.8143990219965,0
2026-04-21 00:00:00,ethereum,crypto,2315.024147296644,2315.024147296644,2315.024147296644,2315.024147296644,0
2026-04-22 00:00:00,ethereum,crypto,2327.5116327297133,2327.5116327297133,2327.5116327297133,2327.5116327297133,0
2026-04-23 00:00:00,ethereum,crypto,2377.9343971512685,2377.9343971512685,2377.9343971512685,2377.9343971512685,0
2026-04-24 00:00:00,ethereum,crypto,2330.8275816492055,2330.8275816492055,2330.8275816492055,2330.8275816492055,0
2026-04-25 00:00:00,ethereum,crypto,2315.512435446713,2315.512435446713,2315.512435446713,2315.512435446713,0
2026-04-26 00:00:00,ethereum,crypto,2319.1503239938397,2319.1503239938397,2319.1503239938397,2319.1503239938397,0
2026-04-27 00:00:00,ethereum,crypto,2369.743028837697,2369.743028837697,2369.743028837697,2369.743028837697,0
2026-04-28 00:00:00,ethereum,crypto,2299.7704586966606,2299.7704586966606,2299.7704586966606,2299.7704586966606,0
2026-04-29 00:00:00,ethereum,crypto,2288.0449269490086,2288.0449269490086,2288.0449269490086,2288.0449269490086,0
2026-04-30 00:00:00,ethereum,crypto,2253.4583579638706,2253.4583579638706,2253.4583579638706,2253.4583579638706,0
2026-05-01 00:00:00,ethereum,crypto,2255.980291785015,2255.980291785015,2255.980291785015,2255.980291785015,0
2026-05-02 00:00:00,ethereum,crypto,2294.6636890449554,2294.6636890449554,2294.6636890449554,2294.6636890449554,0
2026-05-03 00:00:00,ethereum,crypto,2316.3293345288466,2316.3293345288466,2316.3293345288466,2316.3293345288466,0
2026-05-04 00:00:00,ethereum,crypto,2324.133330261142,2324.133330261142,2324.133330261142,2324.133330261142,0
2026-05-05 00:00:00,ethereum,crypto,2345.9956663961593,2345.9956663961593,2345.9956663961593,2345.9956663961593,0
2026-05-06 00:00:00,ethereum,crypto,2361.0857066652707,2361.0857066652707,2361.0857066652707,2361.0857066652707,0
2026-05-07 00:00:00,ethereum,crypto,2350.4781193929102,2350.4781193929102,2350.4781193929102,2350.4781193929102,0
2026-05-08 00:00:00,ethereum,crypto,2291.184888890017,2291.184888890017,2291.184888890017,2291.184888890017,0
2026-05-09 00:00:00,ethereum,crypto,2306.8311830289026,2306.8311830289026,2306.8311830289026,2306.8311830289026,0
2026-05-10 00:00:00,ethereum,crypto,2326.4573018792307,2326.4573018792307,2326.4573018792307,2326.4573018792307,0
2026-05-11 00:00:00,ethereum,crypto,2368.837665726271,2368.837665726271,2368.837665726271,2368.837665726271,0
2026-05-12 00:00:00,ethereum,crypto,2339.603401986634,2339.603401986634,2339.603401986634,2339.603401986634,0
2026-05-13 00:00:00,ethereum,crypto,2274.643164858102,2274.643164858102,2274.643164858102,2274.643164858102,0
2026-05-14 00:00:00,ethereum,crypto,2257.6171092097293,2257.6171092097293,2257.6171092097293,2257.6171092097293,0
2026-05-15 00:00:00,ethereum,crypto,2281.4964960855596,2281.4964960855596,2281.4964960855596,2281.4964960855596,0
2026-05-16 00:00:00,ethereum,crypto,2223.5888907434723,2223.5888907434723,2223.5888907434723,2223.5888907434723,0
2026-05-17 00:00:00,ethereum,crypto,2179.876738047661,2179.876738047661,2179.876738047661,2179.876738047661,0
2026-05-18 00:00:00,ethereum,crypto,2128.0002275811294,2128.0002275811294,2128.0002275811294,2128.0002275811294,0
2026-05-19 00:00:00,ethereum,crypto,2128.491500875394,2128.491500875394,2128.491500875394,2128.491500875394,0
2026-05-20 00:00:00,ethereum,crypto,2111.7475988138285,2111.7475988138285,2111.7475988138285,2111.7475988138285,0
2026-05-21 00:00:00,ethereum,crypto,2127.2938085253463,2127.2938085253463,2127.2938085253463,2127.2938085253463,0
2026-05-22 00:00:00,ethereum,crypto,2131.694272748801,2131.694272748801,2131.694272748801,2131.694272748801,0
2026-05-23 00:00:00,ethereum,crypto,2064.3781409811045,2064.3781409811045,2064.3781409811045,2064.3781409811045,0
2026-05-24 00:00:00,ethereum,crypto,2115.708147579567,2115.708147579567,2115.708147579567,2115.708147579567,0
2026-05-25 00:00:00,ethereum,crypto,2098.138643929662,2098.138643929662,2098.138643929662,2098.138643929662,0
2026-05-26 00:00:00,ethereum,crypto,2111.2088364861415,2111.2088364861415,2111.2088364861415,2111.2088364861415,0
2026-05-27 00:00:00,ethereum,crypto,2070.833946428856,2070.833946428856,2070.833946428856,2070.833946428856,0
2026-05-28 00:00:00,ethereum,crypto,2022.5062490754037,2022.5062490754037,2022.5062490754037,2022.5062490754037,0
2026-05-29 00:00:00,ethereum,crypto,2007.5624108851769,2007.5624108851769,2007.5624108851769,2007.5624108851769,0
2026-05-30 00:00:00,ethereum,crypto,2012.230102947315,2012.230102947315,2012.230102947315,2012.230102947315,0
2026-05-31 00:00:00,ethereum,crypto,2019.175626778262,2019.175626778262,2019.175626778262,2019.175626778262,0
2026-06-01 00:00:00,ethereum,crypto,2003.971930485462,2003.971930485462,2003.971930485462,2003.971930485462,0
2026-06-02 00:00:00,ethereum,crypto,2003.3651516762716,2003.3651516762716,2003.3651516762716,2003.3651516762716,0
2026-06-03 00:00:00,ethereum,crypto,1856.053796035668,1856.053796035668,1856.053796035668,1856.053796035668,0
2026-06-04 00:00:00,ethereum,crypto,1811.3503544806065,1811.3503544806065,1811.3503544806065,1811.3503544806065,0
2026-06-05 00:00:00,ethereum,crypto,1769.1790948329233,1769.1790948329233,1769.1790948329233,1769.1790948329233,0
2026-06-06 00:00:00,ethereum,crypto,1580.6197586525523,1580.6197586525523,1580.6197586525523,1580.6197586525523,0
2026-06-07 00:00:00,ethereum,crypto,1568.766143257666,1568.766143257666,1568.766143257666,1568.766143257666,0
2026-06-08 00:00:00,ethereum,crypto,1687.0442636989208,1687.0442636989208,1687.0442636989208,1687.0442636989208,0
2026-06-09 00:00:00,ethereum,crypto,1690.0951127719102,1690.0951127719102,1690.0951127719102,1690.0951127719102,0
2026-06-10 00:00:00,ethereum,crypto,1637.8350754267938,1637.8350754267938,1637.8350754267938,1637.8350754267938,0
2026-06-11 00:00:00,ethereum,crypto,1621.2977067034271,1621.2977067034271,1621.2977067034271,1621.2977067034271,0
2026-06-12 00:00:00,ethereum,crypto,1671.88909163853,1671.88909163853,1671.88909163853,1671.88909163853,0
2026-06-13 00:00:00,ethereum,crypto,1665.0473448741673,1665.0473448741673,1665.0473448741673,1665.0473448741673,0
2026-06-14 00:00:00,ethereum,crypto,1678.7301752214464,1678.7301752214464,1678.7301752214464,1678.7301752214464,0
2026-06-15 00:00:00,ethereum,crypto,1724.6319835654128,1724.6319835654128,1724.6319835654128,1724.6319835654128,0
2026-06-16 00:00:00,ethereum,crypto,1794.048837218593,1794.048837218593,1794.048837218593,1794.048837218593,0
2026-06-17 00:00:00,ethereum,crypto,1790.7933420049565,1790.7933420049565,1790.7933420049565,1790.7933420049565,0
2026-06-18 00:00:00,ethereum,crypto,1747.943541978407,1747.943541978407,1747.943541978407,1747.943541978407,0
2026-06-19 00:00:00,ethereum,crypto,1709.5978673943596,1709.5978673943596,1709.5978673943596,1709.5978673943596,0
2026-06-20 00:00:00,ethereum,crypto,1706.2204637584878,1706.2204637584878,1706.2204637584878,1706.2204637584878,0
2026-06-21 00:00:00,ethereum,crypto,1739.162846029854,1739.162846029854,1739.162846029854,1739.162846029854,0
2026-06-22 00:00:00,ethereum,crypto,1704.601590081602,1704.601590081602,1704.601590081602,1704.601590081602,0
2026-06-23 00:00:00,ethereum,crypto,1726.7237535480692,1726.7237535480692,1726.7237535480692,1726.7237535480692,0
2026-06-24 00:00:00,ethereum,crypto,1665.0042345732809,1665.0042345732809,1665.0042345732809,1665.0042345732809,0
2026-06-25 00:00:00,ethereum,crypto,1617.7713732971931,1617.7713732971931,1617.7713732971931,1617.7713732971931,0
2026-06-26 00:00:00,ethereum,crypto,1564.8428434530815,1564.8428434530815,1564.8428434530815,1564.8428434530815,0
2026-06-27 00:00:00,ethereum,crypto,1575.9338575909055,1575.9338575909055,1575.9338575909055,1575.9338575909055,0
2026-06-28 00:00:00,ethereum,crypto,1571.677311718264,1571.677311718264,1571.677311718264,1571.677311718264,0
2026-06-29 00:00:00,ethereum,crypto,1571.7889118673413,1571.7889118673413,1571.7889118673413,1571.7889118673413,0
2026-06-29 21:32:18,ethereum,crypto,1614.9324753113817,1614.9324753113817,1614.9324753113817,1614.9324753113817,0
