date,symbol,asset_type,open,high,low,close,volume,adj_close
2024-07-01 00:00:00-03:00,PETR4.SA,stocks,30.04895934932938,30.401920443569356,29.946991281693457,30.299955368041992,24963500,30.299955368041992
2024-07-02 00:00:00-03:00,PETR4.SA,stocks,30.456824784814945,30.668600217794328,30.150920620505232,30.205825805664062,33346200,30.205825805664062
2024-07-03 00:00:00-03:00,PETR4.SA,stocks,30.354848600781263,30.42544139023849,29.617545468204163,29.680295944213867,38509400,29.680295944213867
2024-07-04 00:00:00-03:00,PETR4.SA,stocks,29.72736632449967,29.774426201309282,29.115560997001438,29.27243423461914,32698800,29.27243423461914
2024-07-05 00:00:00-03:00,PETR4.SA,stocks,29.37439894482352,29.53127216458768,29.107715368856784,29.429304122924805,32758800,29.429304122924805
2024-07-08 00:00:00-03:00,PETR4.SA,stocks,29.397927321469155,30.213665627294915,29.248899416255995,30.150915145874023,48845900,30.150915145874023
2024-07-09 00:00:00-03:00,PETR4.SA,stocks,30.15876547330889,30.354856272235335,30.017579858713198,30.143077850341797,34832500,30.143077850341797
2024-07-10 00:00:00-03:00,PETR4.SA,stocks,30.190144281001448,30.245049471809782,29.790117328416756,29.86071014404297,32899700,29.86071014404297
2024-07-11 00:00:00-03:00,PETR4.SA,stocks,29.931298656786172,30.158764695782477,29.892081096433586,30.06464195251465,17229400,30.06464195251465
2024-07-12 00:00:00-03:00,PETR4.SA,stocks,30.143076922579997,30.205824420408945,29.915610884720454,29.9234561920166,15779100,29.9234561920166
2024-07-15 00:00:00-03:00,PETR4.SA,stocks,30.041107654363838,30.37838404382902,29.962672537231068,30.197980880737305,22969200,30.197980880737305
2024-07-16 00:00:00-03:00,PETR4.SA,stocks,30.08032633811739,30.19798201032551,29.89208085311404,30.11954689025879,19637000,30.11954689025879
2024-07-17 00:00:00-03:00,PETR4.SA,stocks,30.14307457863042,30.347007670851564,30.07248177899467,30.27641487121582,24606100,30.27641487121582
2024-07-18 00:00:00-03:00,PETR4.SA,stocks,30.197983809168896,30.32348180401618,30.080328129952225,30.221513748168945,21315500,30.221513748168945
2024-07-19 00:00:00-03:00,PETR4.SA,stocks,30.19798553116531,30.409763970566747,30.111705093767494,30.347013473510742,30593100,30.347013473510742
2024-07-22 00:00:00-03:00,PETR4.SA,stocks,30.268576436268003,30.268576436268003,29.711679274488652,29.743051528930664,25807800,29.743051528930664
2024-07-23 00:00:00-03:00,PETR4.SA,stocks,29.74304942064275,29.805799909295203,29.358713150024414,29.358713150024414,25284700,29.358713150024414
2024-07-24 00:00:00-03:00,PETR4.SA,stocks,29.539119470823636,29.805803091856152,29.413621472226467,29.594024658203125,23863800,29.594024658203125
2024-07-25 00:00:00-03:00,PETR4.SA,stocks,29.460683008958878,29.609710940507124,29.233216961773525,29.554805755615234,19562600,29.554805755615234
2024-07-26 00:00:00-03:00,PETR4.SA,stocks,29.546959808733433,29.90776914864148,29.35086901204545,29.52342987060547,32043200,29.52342987060547
2024-07-29 00:00:00-03:00,PETR4.SA,stocks,29.42146140468584,29.58617994558892,28.56650542346799,28.92731475830078,39790000,28.92731475830078
2024-07-30 00:00:00-03:00,PETR4.SA,stocks,28.63709674294183,28.841032833626667,28.542974004530006,28.746910095214844,16040700,28.746910095214844
2024-07-31 00:00:00-03:00,PETR4.SA,stocks,29.06065777387015,29.343029022216797,28.99006496178349,29.343029022216797,28561100,29.343029022216797
2024-08-01 00:00:00-03:00,PETR4.SA,stocks,29.609709227705014,29.67245971658484,28.856721313795124,28.895938873291016,29756300,28.895938873291016
2024-08-02 00:00:00-03:00,PETR4.SA,stocks,28.80181609999722,28.864563596699153,28.02529525756836,28.02529525756836,36483900,28.02529525756836
2024-08-05 00:00:00-03:00,PETR4.SA,stocks,27.29583256617115,28.001760482788086,27.138959363355443,28.001760482788086,44765900,28.001760482788086
2024-08-06 00:00:00-03:00,PETR4.SA,stocks,27.923327105542988,28.754753126536958,27.719394001884535,28.488069534301758,36009000,28.488069534301758
2024-08-07 00:00:00-03:00,PETR4.SA,stocks,28.786127011618593,28.825344569073312,28.23707223092896,28.448850631713867,25020500,28.448850631713867
2024-08-08 00:00:00-03:00,PETR4.SA,stocks,28.511604065099515,28.982223828924862,28.362576118881144,28.903785705566406,29870300,28.903785705566406
2024-08-09 00:00:00-03:00,PETR4.SA,stocks,28.33904434655132,28.982221955983764,27.90764516833808,28.637100219726562,66082100,28.637100219726562
2024-08-12 00:00:00-03:00,PETR4.SA,stocks,28.864561569037523,29.656769978018254,28.864561569037523,29.288118362426758,39655100,29.288118362426758
2024-08-13 00:00:00-03:00,PETR4.SA,stocks,29.437150535859573,29.51558865271612,28.99790904989577,29.10771942138672,28557200,29.10771942138672
2024-08-14 00:00:00-03:00,PETR4.SA,stocks,29.170463160204264,29.805798360306454,29.14693322423642,29.617549896240234,37955500,29.617549896240234
2024-08-15 00:00:00-03:00,PETR4.SA,stocks,29.84501892578394,30.24504583020404,29.805801364515414,30.072484970092773,33409000,30.072484970092773
2024-08-16 00:00:00-03:00,PETR4.SA,stocks,29.939139608404897,30.409759287525297,29.829329247575846,30.197980880737305,35472700,30.197980880737305
2024-08-19 00:00:00-03:00,PETR4.SA,stocks,30.27641311660817,30.42544401392897,30.119542897271216,30.150915145874023,28138200,30.150915145874023
2024-08-20 00:00:00-03:00,PETR4.SA,stocks,30.197981612741188,30.33916722068888,29.719519607152684,30.033266067504883,27322600,30.033266067504883
2024-08-21 00:00:00-03:00,PETR4.SA,stocks,30.339167639123342,30.425448066515568,29.758737577098948,29.852863311767578,38491900,29.852863311767578
2024-08-22 00:00:00-03:00,PETR4.SA,stocks,30.073247239340215,30.089381325470093,29.734440662399635,29.944177627563477,26334300,29.944177627563477
2024-08-23 00:00:00-03:00,PETR4.SA,stocks,30.145847192943364,30.27491679660515,29.758638381958008,29.758638381958008,29239000,29.758638381958008
2024-08-26 00:00:00-03:00,PETR4.SA,stocks,30.541128685471868,31.95282901135518,30.420124569491154,31.920560836791992,102270300,31.920560836791992
2024-08-27 00:00:00-03:00,PETR4.SA,stocks,31.662414738489026,31.759216163954278,31.42040963619498,31.493011474609375,35073100,31.493011474609375
2024-08-28 00:00:00-03:00,PETR4.SA,stocks,31.412346815323623,32.15449941933384,31.28327719861694,31.944759368896484,43284500,31.944759368896484
2024-08-29 00:00:00-03:00,PETR4.SA,stocks,31.985092712345786,32.13029640030883,31.68661675527616,31.726953506469727,25356600,31.726953506469727
2024-08-30 00:00:00-03:00,PETR4.SA,stocks,31.638219095690033,31.985094247218168,31.363945791627376,31.759220123291016,84437200,31.759220123291016
2024-09-02 00:00:00-03:00,PETR4.SA,stocks,31.726956484492312,31.783424248749117,31.372012735149696,31.46074867248535,15288400,31.46074867248535
2024-09-03 00:00:00-03:00,PETR4.SA,stocks,31.291345962914114,31.315545554543096,30.960604875847554,31.081605911254883,35866300,31.081605911254883
2024-09-04 00:00:00-03:00,PETR4.SA,stocks,31.251007950036264,31.396208556933743,31.07353609667203,31.089670181274414,28851300,31.089670181274414
2024-09-05 00:00:00-03:00,PETR4.SA,stocks,31.178408552434576,31.372011428318235,30.896066665649414,30.896066665649414,26206600,30.896066665649414
2024-09-06 00:00:00-03:00,PETR4.SA,stocks,30.952537887513504,31.01707423819693,30.22652240590044,30.29105567932129,32971700,30.29105567932129
2024-09-09 00:00:00-03:00,PETR4.SA,stocks,30.524990406465417,30.855731457164143,30.339453044099017,30.62179183959961,30521800,30.62179183959961
2024-09-10 00:00:00-03:00,PETR4.SA,stocks,30.589526219883453,30.589526219883453,29.847376708540793,30.113584518432617,37263500,30.113584518432617
2024-09-11 00:00:00-03:00,PETR4.SA,stocks,30.460456250080146,30.51692709049105,29.742506338108765,30.081315994262695,32907000,30.081315994262695
2024-09-12 00:00:00-03:00,PETR4.SA,stocks,30.0813137507581,30.105513339656294,29.6457026870182,29.742504119873047,22103300,29.742504119873047
2024-09-13 00:00:00-03:00,PETR4.SA,stocks,29.93611062381308,30.29105126910673,29.51663363723215,29.605369567871094,34729600,29.605369567871094
2024-09-16 00:00:00-03:00,PETR4.SA,stocks,30.040983522207522,30.42819237529752,29.97644717472798,30.016780853271484,22614800,30.016780853271484
2024-09-17 00:00:00-03:00,PETR4.SA,stocks,29.984509423946907,30.000643509065025,29.605369194088425,29.879642486572266,23443700,29.879642486572266
2024-09-18 00:00:00-03:00,PETR4.SA,stocks,29.774775388580156,29.79090947527872,29.16169548034668,29.16169548034668,38777000,29.16169548034668
2024-09-19 00:00:00-03:00,PETR4.SA,stocks,29.50049854046766,29.66990181464548,29.193957084387304,29.258493423461914,25059700,29.258493423461914
2024-09-20 00:00:00-03:00,PETR4.SA,stocks,29.25849201202259,29.363362019328857,29.09715424938107,29.250423431396484,48336200,29.250423431396484
2024-09-23 00:00:00-03:00,PETR4.SA,stocks,29.355300350089326,29.815111081654877,29.218165219777276,29.548906326293945,28218500,29.548906326293945
2024-09-24 00:00:00-03:00,PETR4.SA,stocks,30.032910097042656,30.09744643411509,29.621501718622643,29.66990089416504,35104100,29.66990089416504
2024-09-25 00:00:00-03:00,PETR4.SA,stocks,29.928044248936107,30.194252060478846,29.81510872061944,29.887710571289062,38655300,29.887710571289062
2024-09-26 00:00:00-03:00,PETR4.SA,stocks,29.782841035373636,29.782841035373636,29.016491915741614,29.24236297607422,58048200,29.24236297607422
2024-09-27 00:00:00-03:00,PETR4.SA,stocks,29.347232508091,29.347232508091,28.9842232549006,29.129426956176758,34537400,29.129426956176758
2024-09-30 00:00:00-03:00,PETR4.SA,stocks,29.16975975224592,29.266561191083735,28.976153797308026,29.048755645751953,21146300,29.048755645751953
2024-10-01 00:00:00-03:00,PETR4.SA,stocks,29.048756570503897,30.26685394681147,28.903555946255914,29.823177337646484,49748200,29.823177337646484
2024-10-02 00:00:00-03:00,PETR4.SA,stocks,30.452386511482718,30.5975901900363,30.129710986416566,30.234580993652344,32014500,30.234580993652344
2024-10-03 00:00:00-03:00,PETR4.SA,stocks,30.20232033161939,30.68633373950636,30.016782935637973,30.605663299560547,31033000,30.605663299560547
2024-10-04 00:00:00-03:00,PETR4.SA,stocks,30.775061858783342,30.815395529868166,30.387850000035854,30.524988174438477,22526800,30.524988174438477
2024-10-07 00:00:00-03:00,PETR4.SA,stocks,30.686332786226227,30.96060611899634,30.5733972510731,30.952537536621094,36418000,30.952537536621094
2024-10-08 00:00:00-03:00,PETR4.SA,stocks,30.22651962185429,30.452390673917026,30.210385535669484,30.33138656616211,34142000,30.33138656616211
2024-10-09 00:00:00-03:00,PETR4.SA,stocks,30.145846141543853,30.266850237058666,29.85543877411788,30.024845123291016,30789800,30.024845123291016
2024-10-10 00:00:00-03:00,PETR4.SA,stocks,30.170053609279982,30.444326935810253,30.105517260796404,30.37172508239746,20630100,30.37172508239746
2024-10-11 00:00:00-03:00,PETR4.SA,stocks,30.331386741968746,30.37172349629571,30.105515688596817,30.34752082824707,16343000,30.34752082824707
2024-10-14 00:00:00-03:00,PETR4.SA,stocks,30.226521164381964,30.573396341901443,30.129716642332962,30.420124053955078,22279000,30.420124053955078
2024-10-15 00:00:00-03:00,PETR4.SA,stocks,30.016775500708423,30.178113263375263,29.895774486654698,30.170047760009766,28204600,30.170047760009766
2024-10-16 00:00:00-03:00,PETR4.SA,stocks,30.2910541755347,30.31525684447074,30.000646766401598,30.016780853271484,23041200,30.016780853271484
2024-10-17 00:00:00-03:00,PETR4.SA,stocks,30.016779867713975,30.016779867713975,29.597302854657126,29.790908813476562,22174300,29.790908813476562
2024-10-18 00:00:00-03:00,PETR4.SA,stocks,29.831242348831214,29.90384419838545,29.371431660741823,29.710241317749023,32000800,29.710241317749023
2024-10-21 00:00:00-03:00,PETR4.SA,stocks,29.847377382475752,29.887711060783374,29.202029297766597,29.24236297607422,28390000,29.24236297607422
2024-10-22 00:00:00-03:00,PETR4.SA,stocks,29.20202880681484,29.282696162073883,29.032625514413436,29.129426956176758,29144300,29.129426956176758
2024-10-23 00:00:00-03:00,PETR4.SA,stocks,28.968086086286764,28.992285674837248,28.693812799420503,28.766414642333984,30769100,28.766414642333984
2024-10-24 00:00:00-03:00,PETR4.SA,stocks,28.919687124811837,29.064890827172157,28.685750561908986,28.960023880004883,23058900,28.960023880004883
2024-10-25 00:00:00-03:00,PETR4.SA,stocks,29.008423195341518,29.435968799697484,28.91968725713061,29.16169548034668,32585900,29.16169548034668
2024-10-28 00:00:00-03:00,PETR4.SA,stocks,28.62928241093187,29.14556086690575,28.508278301510725,29.113292694091797,27507100,29.113292694091797
2024-10-29 00:00:00-03:00,PETR4.SA,stocks,29.306897944756564,29.37949671593823,28.87935235847021,29.048755645751953,26090200,29.048755645751953
2024-10-30 00:00:00-03:00,PETR4.SA,stocks,29.13748898233328,29.33916042366749,28.9196834564209,28.9196834564209,26144700,28.9196834564209
2024-10-31 00:00:00-03:00,PETR4.SA,stocks,28.93582188337424,29.08102558910643,28.74221899390628,28.968090057373047,25597000,28.968090057373047
2024-11-01 00:00:00-03:00,PETR4.SA,stocks,29.202028177772466,29.339163294211275,28.476009687030864,28.572811126708984,30605300,28.572811126708984
2024-11-04 00:00:00-03:00,PETR4.SA,stocks,28.960025680428092,29.00035936086628,28.540548633893298,28.63735008239746,24003600,28.63735008239746
2024-11-05 00:00:00-03:00,PETR4.SA,stocks,28.637348533125458,28.718015889637755,28.258205187540394,28.548612594604492,23990600,28.548612594604492
2024-11-06 00:00:00-03:00,PETR4.SA,stocks,28.274336893429673,28.605077950899577,28.266271389362565,28.556678771972656,28440800,28.556678771972656
2024-11-07 00:00:00-03:00,PETR4.SA,stocks,28.629279530198218,28.951951994082794,28.451807674841383,28.645410537719727,34081200,28.645410537719727
2024-11-08 00:00:00-03:00,PETR4.SA,stocks,28.91968809743205,29.29883145270886,28.66961743949414,29.185895919799805,49865100,29.185895919799805
2024-11-11 00:00:00-03:00,PETR4.SA,stocks,29.03262600251714,29.37949809777261,28.960024150658462,29.24236297607422,21446300,29.24236297607422
2024-11-12 00:00:00-03:00,PETR4.SA,stocks,29.33109812320051,29.936112513275564,29.314964036860363,29.790908813476562,39412300,29.790908813476562
2024-11-13 00:00:00-03:00,PETR4.SA,stocks,29.80704187355363,29.903843310999296,29.468232226600488,29.750574111938477,34090000,29.750574111938477
2024-11-14 00:00:00-03:00,PETR4.SA,stocks,29.78283984082393,30.113583990562972,29.734440659700972,30.065181732177734,30262100,30.065181732177734
2024-11-18 00:00:00-03:00,PETR4.SA,stocks,30.008713343888644,30.896066521620313,30.008713343888644,30.815399169921875,39004100,30.815399169921875
2024-11-19 00:00:00-03:00,PETR4.SA,stocks,30.73473051866965,30.896068308660578,30.371724337768054,30.492725372314453,26002700,30.492725372314453
2024-11-21 00:00:00-03:00,PETR4.SA,stocks,30.629865122735758,30.758934745815438,30.2910554388625,30.581462860107422,36048400,30.581462860107422
2024-11-22 00:00:00-03:00,PETR4.SA,stocks,31.226808608162525,32.13029897848811,31.033205726851556,31.7995548248291,85234900,31.7995548248291
2024-11-25 00:00:00-03:00,PETR4.SA,stocks,31.76728334064514,32.15449210265677,31.581746001176757,31.605945587158203,41119500,31.605945587158203
2024-11-26 00:00:00-03:00,PETR4.SA,stocks,31.75116164893769,31.872162703329096,31.50915646289198,31.565624237060547,35188200,31.565624237060547
2024-11-27 00:00:00-03:00,PETR4.SA,stocks,31.62208770188586,31.751157322005295,31.259078433655432,31.45268440246582,30600700,31.45268440246582
2024-11-28 00:00:00-03:00,PETR4.SA,stocks,31.307476742041132,31.70275105744406,30.96060160478267,31.1300048828125,33113500,31.1300048828125
2024-11-29 00:00:00-03:00,PETR4.SA,stocks,31.05739993872949,31.638214636593137,30.984798101496533,31.380075454711914,44011700,31.380075454711914
2024-12-02 00:00:00-03:00,PETR4.SA,stocks,31.38008131128738,31.783424242911835,31.275211287431564,31.58175277709961,31711800,31.58175277709961
2024-12-03 00:00:00-03:00,PETR4.SA,stocks,31.783420712013264,31.86408805847168,31.525281510631924,31.86408805847168,22536200,31.86408805847168
2024-12-04 00:00:00-03:00,PETR4.SA,stocks,31.864093659030402,32.15450108094307,31.44461661374128,31.66242218017578,31584400,31.66242218017578
2024-12-05 00:00:00-03:00,PETR4.SA,stocks,31.775354527102234,32.114164177752706,31.63015083071807,31.977025985717773,25214200,31.977025985717773
2024-12-06 00:00:00-03:00,PETR4.SA,stocks,31.97702411991313,32.025426374971076,31.42847753830464,31.48494529724121,31118500,31.48494529724121
2024-12-09 00:00:00-03:00,PETR4.SA,stocks,31.767289160707215,32.40456863398049,31.751155074676436,32.29970169067383,28548700,32.29970169067383
2024-12-10 00:00:00-03:00,PETR4.SA,stocks,32.50944365081238,32.61431368749842,32.35617442585797,32.42070770263672,21837600,32.42070770263672
2024-12-11 00:00:00-03:00,PETR4.SA,stocks,32.54977173399079,32.880512798399856,32.22709925108025,32.743377685546875,46900900,32.743377685546875
2024-12-12 00:00:00-03:00,PETR4.SA,stocks,32.47644498577448,32.61903114298986,31.973192384797564,32.157718658447266,38310600,32.157718658447266
2024-12-13 00:00:00-03:00,PETR4.SA,stocks,32.37578685567763,32.48482537999599,31.805435927893864,31.956411361694336,23235400,31.956411361694336
2024-12-16 00:00:00-03:00,PETR4.SA,stocks,32.03190573182934,32.090618057215444,31.729958001092992,31.82221794128418,21349400,31.82221794128418
2024-12-17 00:00:00-03:00,PETR4.SA,stocks,31.822213691307397,32.28352932856171,31.72995376343787,32.12416458129883,39617200,32.12416458129883
2024-12-18 00:00:00-03:00,PETR4.SA,stocks,32.10739250329526,32.20804494344284,31.29380607604981,31.293806076049805,58126400,31.293806076049805
2024-12-19 00:00:00-03:00,PETR4.SA,stocks,31.587365267148446,31.8138284407075,31.017014281795593,31.16798973083496,43268400,31.16798973083496
2024-12-20 00:00:00-03:00,PETR4.SA,stocks,31.16799206166962,31.327353625536958,30.790553410845217,30.907978057861328,59277400,30.907978057861328
2024-12-23 00:00:00-03:00,PETR4.SA,stocks,31.033785477408422,31.07572238543467,30.798936232796652,30.91636085510254,43785600,30.91636085510254
2024-12-26 00:00:00-03:00,PETR4.SA,stocks,31.026864519557446,31.349062285143336,31.000738042117497,31.14877700805664,22920700,31.14877700805664
2024-12-27 00:00:00-03:00,PETR4.SA,stocks,31.349058814908556,31.349058814908556,31.00944454257891,31.0529842376709,24167200,31.0529842376709
2024-12-30 00:00:00-03:00,PETR4.SA,stocks,31.157482178000993,31.6712585856713,31.148775567167878,31.51451301574707,22355600,31.51451301574707
2025-01-02 00:00:00-03:00,PETR4.SA,stocks,31.714796330815396,32.298238876690796,31.51451107532558,32.01958084106445,30046800,32.01958084106445
2025-01-03 00:00:00-03:00,PETR4.SA,stocks,32.11536762706123,32.25469663386964,31.62771444229902,31.679964065551758,23314200,31.679964065551758
2025-01-06 00:00:00-03:00,PETR4.SA,stocks,31.87154137658523,31.94991415545658,31.401308025222907,31.53192710876465,23760200,31.53192710876465
2025-01-07 00:00:00-03:00,PETR4.SA,stocks,31.828002437518347,32.43756814077863,31.610300637915806,32.202449798583984,37753300,32.202449798583984
2025-01-08 00:00:00-03:00,PETR4.SA,stocks,32.21115738612231,32.32435992193207,31.7235041946378,31.941205978393555,24483500,31.941205978393555
2025-01-09 00:00:00-03:00,PETR4.SA,stocks,31.95862721804173,32.1937455776872,31.95862721804173,32.08053970336914,11526600,32.08053970336914
2025-01-10 00:00:00-03:00,PETR4.SA,stocks,32.437569234331164,32.67268758445224,32.13278803335899,32.16761779785156,40328800,32.16761779785156
2025-01-13 00:00:00-03:00,PETR4.SA,stocks,32.481104173634506,32.68138940806003,32.193739557933704,32.280818939208984,22897100,32.280818939208984
2025-01-14 00:00:00-03:00,PETR4.SA,stocks,32.315656688442786,32.33307323158674,31.854129921658682,32.0631217956543,29173100,32.0631217956543
2025-01-15 00:00:00-03:00,PETR4.SA,stocks,32.15890954776986,32.49852381778739,32.04570368380875,32.4724006652832,32512700,32.4724006652832
2025-01-16 00:00:00-03:00,PETR4.SA,stocks,32.40274152226306,32.42886800229824,32.019587474367604,32.26341247558594,26733200,32.26341247558594
2025-01-17 00:00:00-03:00,PETR4.SA,stocks,32.22857601523768,32.568193645269524,32.08924698312185,32.3940315246582,39941100,32.3940315246582
2025-01-20 00:00:00-03:00,PETR4.SA,stocks,32.41144442819625,32.59431313945711,32.31565510652653,32.4724006652832,13912800,32.4724006652832
2025-01-21 00:00:00-03:00,PETR4.SA,stocks,32.30694371128301,32.52464549726704,31.976039388330552,32.48110580444336,23612200,32.48110580444336
2025-01-22 00:00:00-03:00,PETR4.SA,stocks,32.53335901502424,32.76847736842739,32.24599103135395,32.298240661621094,21832200,32.298240661621094
2025-01-23 00:00:00-03:00,PETR4.SA,stocks,32.324362312728454,32.57689719781103,31.95862488346335,32.07183074951172,26725700,32.07183074951172
2025-01-24 00:00:00-03:00,PETR4.SA,stocks,32.115374918301164,32.13279146333954,31.697387802979197,31.90637969970703,16216500,31.90637969970703
2025-01-27 00:00:00-03:00,PETR4.SA,stocks,31.84542066628857,32.481109556163084,31.758341270583138,32.37661361694336,29809700,32.37661361694336
2025-01-28 00:00:00-03:00,PETR4.SA,stocks,32.568191007858715,32.64656378969378,32.115370859685655,32.333072662353516,27621700,32.333072662353516
2025-01-29 00:00:00-03:00,PETR4.SA,stocks,32.39403112860636,32.507237003899576,32.01087380357273,32.132789611816406,18204400,32.132789611816406
2025-01-30 00:00:00-03:00,PETR4.SA,stocks,32.254701365442884,32.66397851443174,32.04570616363914,32.55948257446289,30916000,32.55948257446289
2025-01-31 00:00:00-03:00,PETR4.SA,stocks,32.559482973249864,33.412873690824206,32.43757048814868,32.82072448730469,37044800,32.82072448730469
2025-02-03 00:00:00-03:00,PETR4.SA,stocks,32.88167803056655,32.92522104755626,32.55077369013219,32.655269622802734,24877600,32.655269622802734
2025-02-04 00:00:00-03:00,PETR4.SA,stocks,32.48110829367204,32.52464798983243,32.063121231173646,32.333072662353516,34290300,32.333072662353516
2025-02-05 00:00:00-03:00,PETR4.SA,stocks,32.2634059678598,32.28082251041474,32.00216447326752,32.09795379638672,20539800,32.09795379638672
2025-02-06 00:00:00-03:00,PETR4.SA,stocks,32.08054226573312,32.32436725586294,31.958629770668214,32.03700256347656,17512400,32.03700256347656
2025-02-07 00:00:00-03:00,PETR4.SA,stocks,32.09795667249345,32.2459923146762,31.671259646328476,31.8541316986084,21438700,31.8541316986084
2025-02-10 00:00:00-03:00,PETR4.SA,stocks,32.05441420689921,32.245989531905096,31.976041426075856,32.07183074951172,17483300,32.07183074951172
2025-02-11 00:00:00-03:00,PETR4.SA,stocks,32.22857298929259,32.298239159742614,31.941208340850846,32.07183074951172,16624300,32.07183074951172
2025-02-12 00:00:00-03:00,PETR4.SA,stocks,31.915083191752775,32.00216257750313,31.44484653622334,31.59288215637207,37364500,31.59288215637207
2025-02-13 00:00:00-03:00,PETR4.SA,stocks,31.523223936547467,31.63642981212254,31.36647836171002,31.62771987915039,15351300,31.62771987915039
2025-02-14 00:00:00-03:00,PETR4.SA,stocks,31.73221624473317,32.72493933922505,31.69738647797867,32.603023529052734,40322000,32.603023529052734
2025-02-17 00:00:00-03:00,PETR4.SA,stocks,32.77718342583031,33.021008385895165,32.62914779203834,32.803306579589844,22615200,32.803306579589844
2025-02-18 00:00:00-03:00,PETR4.SA,stocks,32.84684730683295,33.473826206383194,32.83813737494345,33.4041633605957,44062600,33.4041633605957
2025-02-19 00:00:00-03:00,PETR4.SA,stocks,33.18646271523417,33.66540600785535,32.97746752692476,33.47382736206055,32648200,33.47382736206055
2025-02-20 00:00:00-03:00,PETR4.SA,stocks,33.456414906636134,33.58703733051979,33.36062889390318,33.52608108520508,26641200,33.52608108520508
2025-02-21 00:00:00-03:00,PETR4.SA,stocks,33.552195050006375,33.552195050006375,33.23870397605578,33.43028259277344,30115200,33.43028259277344
2025-02-24 00:00:00-03:00,PETR4.SA,stocks,33.526079040489535,33.53478565134653,32.91651330265288,33.19517135620117,27830300,33.19517135620117
2025-02-25 00:00:00-03:00,PETR4.SA,stocks,33.19517003113601,33.473828073560995,32.942638463971164,33.04713439941406,31960900,33.04713439941406
2025-02-26 00:00:00-03:00,PETR4.SA,stocks,33.30837589895425,33.30837589895425,32.872972292431974,33.04713439941406,27420200,33.04713439941406
2025-02-27 00:00:00-03:00,PETR4.SA,stocks,31.66254913893085,31.993456792673282,30.896237901477853,31.880250930786133,129693500,31.880250930786133
2025-02-28 00:00:00-03:00,PETR4.SA,stocks,31.775752459568103,31.827998759440938,31.183603367329304,31.28809928894043,55476800,31.28809928894043
2025-03-05 00:00:00-03:00,PETR4.SA,stocks,30.495666871543882,30.5740396481239,30.08638644697427,30.147342681884766,48552000,30.147342681884766
2025-03-06 00:00:00-03:00,PETR4.SA,stocks,30.312799378334255,30.582747480336796,29.633567513538456,29.833852767944336,47749600,29.833852767944336
2025-03-07 00:00:00-03:00,PETR4.SA,stocks,29.85997896931497,30.417295032454035,29.807729342696017,30.15605354309082,28074700,30.15605354309082
2025-03-10 00:00:00-03:00,PETR4.SA,stocks,30.112512920411387,30.147342681884766,29.607443177592234,30.147342681884766,35037200,30.147342681884766
2025-03-11 00:00:00-03:00,PETR4.SA,stocks,30.260552728403614,30.391175148064033,29.52907448641072,29.69452667236328,28805400,29.69452667236328
2025-03-12 00:00:00-03:00,PETR4.SA,stocks,29.746776304600676,29.955771511684127,29.572614185675487,29.69452667236328,20149100,29.69452667236328
2025-03-13 00:00:00-03:00,PETR4.SA,stocks,29.764192161865456,30.077683304323703,29.642279677990814,29.9906005859375,19263600,29.9906005859375
2025-03-14 00:00:00-03:00,PETR4.SA,stocks,30.129926550909584,31.140062728451163,29.929641301778528,30.913654327392578,41529400,30.913654327392578
2025-03-17 00:00:00-03:00,PETR4.SA,stocks,31.009442889956194,31.70608793989832,31.000732958282505,31.488386154174805,31175900,31.488386154174805
2025-03-18 00:00:00-03:00,PETR4.SA,stocks,31.51451301574707,31.7060916727358,31.27068805002761,31.51451301574707,15086400,31.51451301574707
2025-03-19 00:00:00-03:00,PETR4.SA,stocks,31.584175471391653,31.636425095836923,31.375180295476202,31.488386154174805,21180500,31.488386154174805
2025-03-20 00:00:00-03:00,PETR4.SA,stocks,31.4883878007669,31.767045835315347,31.14006359664844,31.558053970336914,46921900,31.558053970336914
2025-03-21 00:00:00-03:00,PETR4.SA,stocks,31.54063744573518,32.24598914276751,31.505804360930522,32.04570388793945,61175700,32.04570388793945
2025-03-24 00:00:00-03:00,PETR4.SA,stocks,31.958627049497576,32.167618931280636,31.78446493343431,32.002166748046875,20348000,32.002166748046875
2025-03-25 00:00:00-03:00,PETR4.SA,stocks,32.08924041677025,32.67268290314969,31.897665112978977,32.254695892333984,28036100,32.254695892333984
2025-03-26 00:00:00-03:00,PETR4.SA,stocks,32.350490694525185,32.768477776266636,32.350490694525185,32.55948257446289,26870300,32.55948257446289
2025-03-27 00:00:00-03:00,PETR4.SA,stocks,32.59431470578166,33.06455140464898,32.55948161952499,32.803306579589844,28444400,32.803306579589844
2025-03-28 00:00:00-03:00,PETR4.SA,stocks,32.78588938985475,32.98617462878879,32.29823620688566,32.59431076049805,22057700,32.59431076049805
2025-03-31 00:00:00-03:00,PETR4.SA,stocks,32.524644048638336,32.7771789063798,32.28952905348923,32.35919189453125,26049400,32.35919189453125
2025-04-01 00:00:00-03:00,PETR4.SA,stocks,32.48110580444336,33.06454831825067,32.394026418796,32.48110580444336,19075600,32.48110580444336
2025-04-02 00:00:00-03:00,PETR4.SA,stocks,32.45498776859224,32.48111092403079,32.071833760740255,32.3940315246582,16959200,32.3940315246582
2025-04-03 00:00:00-03:00,PETR4.SA,stocks,31.479682470917595,31.610301561375508,31.009445772790865,31.34906005859375,65896000,31.34906005859375
2025-04-04 00:00:00-03:00,PETR4.SA,stocks,30.251845043572168,30.486960075630222,29.441994042900188,30.086389541625977,87263200,30.086389541625977
2025-04-07 00:00:00-03:00,PETR4.SA,stocks,29.537778490853366,30.086387954400617,28.832426788158443,28.893383026123047,85724900,28.893383026123047
2025-04-08 00:00:00-03:00,PETR4.SA,stocks,29.346204331298622,29.5551962063671,27.76133377665485,27.86583137512207,62128500,27.86583137512207
2025-04-09 00:00:00-03:00,PETR4.SA,stocks,27.264972903654485,29.24170730262314,27.02985622250923,28.997879028320312,106391600,28.997879028320312
2025-04-10 00:00:00-03:00,PETR4.SA,stocks,28.736637840844672,28.754054383614545,27.169185532080864,27.195308685302734,71250600,27.195308685302734
2025-04-11 00:00:00-03:00,PETR4.SA,stocks,27.430427558091342,28.127072672971266,26.803446954699407,27.735210418701172,65329400,27.735210418701172
2025-04-14 00:00:00-03:00,PETR4.SA,stocks,28.388311895774216,28.63214015779826,27.37817739079506,27.63071060180664,56015200,27.63071060180664
2025-04-15 00:00:00-03:00,PETR4.SA,stocks,27.630712597212902,27.752626737029193,26.97760718445281,26.995023727416992,58276900,26.995023727416992
2025-04-16 00:00:00-03:00,PETR4.SA,stocks,27.24755861759871,27.40430252147745,26.864402977051565,26.995023727416992,73227700,26.995023727416992
2025-04-17 00:00:00-03:00,PETR4.SA,stocks,27.36813712390689,27.823231879777154,27.18074436466253,27.528759002685547,65752700,27.528759002685547
2025-04-22 00:00:00-03:00,PETR4.SA,stocks,27.48414094291685,27.88569564094964,27.06474069319977,27.591222763061523,41683900,27.591222763061523
2025-04-23 00:00:00-03:00,PETR4.SA,stocks,27.97493157103016,28.358639034074557,27.21644027222239,27.27890396118164,71566500,27.27890396118164
2025-04-24 00:00:00-03:00,PETR4.SA,stocks,27.49306576528534,27.519836646987574,26.82380904080025,27.153976440429688,61589200,27.153976440429688
2025-04-25 00:00:00-03:00,PETR4.SA,stocks,27.07366537648218,27.421678327018483,26.94873799977845,27.23428726196289,35581500,27.23428726196289
2025-04-28 00:00:00-03:00,PETR4.SA,stocks,27.269981440643157,27.466297844777234,26.99335579173635,27.127206802368164,27362000,27.127206802368164
2025-04-29 00:00:00-03:00,PETR4.SA,stocks,27.037970280936868,27.493065045919966,26.90411927994368,27.26997947692871,33041100,27.26997947692871
2025-04-30 00:00:00-03:00,PETR4.SA,stocks,27.136128737262844,27.2878269937181,26.734574028408392,26.76134490966797,52798300,26.76134490966797
2025-05-02 00:00:00-03:00,PETR4.SA,stocks,26.94873912226097,27.493066787719727,26.743499092260265,27.493066787719727,33146600,27.493066787719727
2025-05-05 00:00:00-03:00,PETR4.SA,stocks,27.278904546865814,27.323522684228863,26.466873168945312,26.466873168945312,59011700,26.466873168945312
2025-05-06 00:00:00-03:00,PETR4.SA,stocks,26.86842668530185,27.118281435252456,26.734573981247927,26.90411949157715,52751300,26.90411949157715
2025-05-07 00:00:00-03:00,PETR4.SA,stocks,27.03796893687836,27.03796893687836,26.68103238463725,27.0290470123291,35050400,27.0290470123291
2025-05-08 00:00:00-03:00,PETR4.SA,stocks,27.29675135801901,27.689382450390884,27.171823979449364,27.403831481933594,44665000,27.403831481933594
2025-05-09 00:00:00-03:00,PETR4.SA,stocks,27.751845698670262,27.823233014148197,27.341367358166256,27.582300186157227,25075600,27.582300186157227
2025-05-12 00:00:00-03:00,PETR4.SA,stocks,28.46571939746303,28.706650528050623,28.242633819580078,28.242633819580078,53493600,28.242633819580078
2025-05-13 00:00:00-03:00,PETR4.SA,stocks,28.34971380932414,28.778037682630256,27.97492999467934,28.670957565307617,56165300,28.670957565307617
2025-05-14 00:00:00-03:00,PETR4.SA,stocks,28.55495274067052,28.662032860323656,28.28725073952986,28.474641799926758,28060100,28.474641799926758
2025-05-15 00:00:00-03:00,PETR4.SA,stocks,28.28724943011926,28.635262355894238,28.189091239974427,28.438947677612305,32468300,28.438947677612305
2025-05-16 00:00:00-03:00,PETR4.SA,stocks,28.412177802883562,28.697727054850986,28.251555923149937,28.572799682617188,48111800,28.572799682617188
2025-05-19 00:00:00-03:00,PETR4.SA,stocks,28.4121781863827,28.644185680231956,28.28725081246267,28.537105560302734,30200500,28.537105560302734
2025-05-20 00:00:00-03:00,PETR4.SA,stocks,28.599570646906297,28.920814426431054,28.51033777660089,28.653112411499023,33485800,28.653112411499023
2025-05-21 00:00:00-03:00,PETR4.SA,stocks,28.74234384736211,28.902965729108345,28.278327158104773,28.331867218017578,28724100,28.331867218017578
2025-05-22 00:00:00-03:00,PETR4.SA,stocks,28.233706444356596,28.2426300705283,27.84999902901168,27.957080841064453,42207300,27.957080841064453
2025-05-23 00:00:00-03:00,PETR4.SA,stocks,27.742922774402864,28.019548416137695,27.546608077366514,28.019548416137695,25732400,28.019548416137695
2025-05-26 00:00:00-03:00,PETR4.SA,stocks,28.073085824075825,28.135551210051986,27.787536581930034,27.93031120300293,21277100,27.93031120300293
2025-05-27 00:00:00-03:00,PETR4.SA,stocks,28.12662973273544,28.260480737468324,27.983855100752653,28.13555335998535,34361500,28.13555335998535
2025-05-28 00:00:00-03:00,PETR4.SA,stocks,28.260479996558686,28.30509642963064,28.04631805419922,28.04631805419922,30516200,28.04631805419922
2025-05-29 00:00:00-03:00,PETR4.SA,stocks,28.090935786493095,28.10878304135045,27.707228317099425,27.876773834228516,20778800,27.876773834228516
2025-05-30 00:00:00-03:00,PETR4.SA,stocks,27.79646126858962,27.903543089482007,27.573375701904297,27.573375701904297,45127700,27.573375701904297
2025-06-02 00:00:00-03:00,PETR4.SA,stocks,28.23370853350854,28.242632160340545,27.671533659154445,27.733997344970703,35111000,27.733997344970703
2025-06-03 00:00:00-03:00,PETR4.SA,stocks,27.46665333966336,27.85273087722049,27.01622983806271,27.74242401123047,59828700,27.74242401123047
2025-06-04 00:00:00-03:00,PETR4.SA,stocks,27.797579618317407,27.990619278841915,26.90592507642692,26.979463577270508,41952900,26.979463577270508
2025-06-05 00:00:00-03:00,PETR4.SA,stocks,27.117347023626696,27.24603895692136,26.850768872320785,26.98865509033203,23774000,26.98865509033203
2025-06-06 00:00:00-03:00,PETR4.SA,stocks,27.071386357632477,27.420693788199145,26.988655327417405,27.273616790771484,28069300,27.273616790771484
2025-06-09 00:00:00-03:00,PETR4.SA,stocks,26.859961988180427,27.089770018804717,26.52903961632282,26.814001083374023,43834800,26.814001083374023
2025-06-10 00:00:00-03:00,PETR4.SA,stocks,27.034614935826518,27.779192418777587,26.979461502758742,27.622922897338867,46241800,27.622922897338867
2025-06-11 00:00:00-03:00,PETR4.SA,stocks,27.852730277992432,28.643270398195906,27.852730277992432,28.54215431213379,52432400,28.54215431213379
2025-06-12 00:00:00-03:00,PETR4.SA,stocks,28.31234815256628,29.332696350887655,28.24800218569846,29.185619354248047,51729500,29.185619354248047
2025-06-13 00:00:00-03:00,PETR4.SA,stocks,30.435772755839036,30.49092443284304,29.571692412462962,29.902616500854492,74902600,29.902616500854492
2025-06-16 00:00:00-03:00,PETR4.SA,stocks,29.902619187121402,30.270313430941567,29.479773261342746,29.60846519470215,45972200,29.60846519470215
2025-06-17 00:00:00-03:00,PETR4.SA,stocks,29.764735158002566,30.417389080628983,29.75554087368837,30.279502868652344,57633400,30.279502868652344
2025-06-18 00:00:00-03:00,PETR4.SA,stocks,30.297889233238568,30.527697258684718,29.86585252988249,30.251928329467773,49342900,30.251928329467773
2025-06-20 00:00:00-03:00,PETR4.SA,stocks,30.08646605369173,30.481736135136536,29.99454424681291,30.16919708251953,85062700,30.16919708251953
2025-06-23 00:00:00-03:00,PETR4.SA,stocks,30.601236466729915,30.647197368933803,29.24077166996483,29.41542625427246,54592400,29.41542625427246
2025-06-24 00:00:00-03:00,PETR4.SA,stocks,28.76277284350466,29.26834979003083,28.624886627819283,28.83631134033203,48728300,28.83631134033203
2025-06-25 00:00:00-03:00,PETR4.SA,stocks,28.790347960641693,28.992580136807888,28.689231872558594,28.689231872558594,23127700,28.689231872558594
2025-06-26 00:00:00-03:00,PETR4.SA,stocks,28.817926342377465,29.04773436463997,28.781156217233352,28.91904067993164,17227000,28.91904067993164
2025-06-27 00:00:00-03:00,PETR4.SA,stocks,28.85469392458693,28.909849110793722,28.624885908613358,28.689231872558594,16482100,28.689231872558594
2025-06-30 00:00:00-03:00,PETR4.SA,stocks,28.689233324491045,28.946618946594032,28.588118984586675,28.845502853393555,23091100,28.845502853393555
2025-07-01 00:00:00-03:00,PETR4.SA,stocks,28.909848756074148,29.02015562054224,28.735194175154334,28.946617126464844,17014100,28.946617126464844
2025-07-02 00:00:00-03:00,PETR4.SA,stocks,29.029349185347545,29.636043974713562,28.937425626152933,29.461387634277344,28311600,29.461387634277344
2025-07-03 00:00:00-03:00,PETR4.SA,stocks,29.415426820856666,29.773926774181117,29.36027338649046,29.562503814697266,14322300,29.562503814697266
2025-07-04 00:00:00-03:00,PETR4.SA,stocks,29.415425177834138,29.700388371617503,29.38784758554337,29.525732040405273,9356900,29.525732040405273
2025-07-07 00:00:00-03:00,PETR4.SA,stocks,29.525732733972625,29.654424661093948,29.323502312311117,29.4705810546875,17938800,29.4705810546875
2025-07-08 00:00:00-03:00,PETR4.SA,stocks,29.47977176844012,29.95777285856272,29.443001644601765,29.8934268951416,28778300,29.8934268951416
2025-07-09 00:00:00-03:00,PETR4.SA,stocks,29.939389401542627,29.994544590256755,29.47058257054526,29.70958137512207,22338900,29.70958137512207
2025-07-10 00:00:00-03:00,PETR4.SA,stocks,29.424617086191546,29.810696379916788,29.158040696985875,29.636043548583984,23102800,29.636043548583984
2025-07-11 00:00:00-03:00,PETR4.SA,stocks,29.599273009551545,30.058889039182496,29.553312107906855,29.994543075561523,23946700,29.994543075561523
2025-07-14 00:00:00-03:00,PETR4.SA,stocks,29.994543756625713,30.12323568678977,29.525733432065678,29.599273681640625,24106300,29.599273681640625
2025-07-15 00:00:00-03:00,PETR4.SA,stocks,29.636043011942157,29.764734938656225,29.2407711942575,29.369464874267578,18688300,29.369464874267578
2025-07-16 00:00:00-03:00,PETR4.SA,stocks,29.32350547362374,29.36946813347651,28.928235365370902,29.22239112854004,27588900,29.22239112854004
2025-07-17 00:00:00-03:00,PETR4.SA,stocks,29.2040047875104,29.2040047875104,28.863888132657962,28.928234100341797,27497600,28.928234100341797
2025-07-18 00:00:00-03:00,PETR4.SA,stocks,28.86388835717823,29.047735483387367,28.128503358933944,28.487003326416016,57635000,28.487003326416016
2025-07-21 00:00:00-03:00,PETR4.SA,stocks,28.39507732511398,28.753579015108755,28.284770461497114,28.54215431213379,16412000,28.54215431213379
2025-07-22 00:00:00-03:00,PETR4.SA,stocks,28.54215572755064,29.02934936702388,28.487002293007126,28.81792640686035,24557100,28.81792640686035
2025-07-23 00:00:00-03:00,PETR4.SA,stocks,28.817926756813105,29.443003113587757,28.771964099721966,29.406234741210938,27418600,29.406234741210938
2025-07-24 00:00:00-03:00,PETR4.SA,stocks,29.351080829936926,29.433811858063024,29.0936952142895,29.360273361206055,17856300,29.360273361206055
2025-07-25 00:00:00-03:00,PETR4.SA,stocks,29.40623385194102,29.580888437013456,29.33269535611516,29.39704132080078,13341000,29.39704132080078
2025-07-28 00:00:00-03:00,PETR4.SA,stocks,29.562503115989017,29.81069619471502,29.121272144895695,29.43381118774414,27972800,29.43381118774414
2025-07-29 00:00:00-03:00,PETR4.SA,stocks,29.590081035843212,29.966966069306416,29.406235661612662,29.819889068603516,33284000,29.819889068603516
2025-07-30 00:00:00-03:00,PETR4.SA,stocks,29.691193622523926,30.178388978883692,29.663617783961026,30.123233795166016,27110400,30.123233795166016
2025-07-31 00:00:00-03:00,PETR4.SA,stocks,29.829079859209916,30.10484876489824,29.801500514026763,30.003732681274414,23544900,30.003732681274414
2025-08-01 00:00:00-03:00,PETR4.SA,stocks,30.150812275711186,30.25192836809134,29.4521974203635,29.60846519470215,24191800,29.60846519470215
2025-08-04 00:00:00-03:00,PETR4.SA,stocks,29.608464717786426,29.6636199054487,29.378656695748482,29.562503814697266,15215600,29.562503814697266
2025-08-05 00:00:00-03:00,PETR4.SA,stocks,29.534927806604557,29.792311667717378,29.44300249435561,29.700389862060547,20635500,29.700389862060547
2025-08-06 00:00:00-03:00,PETR4.SA,stocks,29.966963930666328,30.279502973179184,29.590078924100123,29.73715591430664,32854600,29.73715591430664
2025-08-07 00:00:00-03:00,PETR4.SA,stocks,30.003732584151,30.196770466848765,29.810694701453233,29.902616500854492,21111400,29.902616500854492
2025-08-08 00:00:00-03:00,PETR4.SA,stocks,28.95581201852021,29.46138898736639,28.064157485961914,28.064157485961914,107235300,28.064157485961914
2025-08-11 00:00:00-03:00,PETR4.SA,stocks,28.229617054141656,28.523772800001606,28.110117652148627,28.23880958557129,28045800,28.23880958557129
2025-08-12 00:00:00-03:00,PETR4.SA,stocks,28.303156634193854,28.744387612573107,28.174462950527868,28.312347412109375,37973300,28.312347412109375
2025-08-13 00:00:00-03:00,PETR4.SA,stocks,28.31234841099388,28.36750360020925,27.953848447574554,28.10092544555664,38340700,28.10092544555664
2025-08-14 00:00:00-03:00,PETR4.SA,stocks,28.24800094582613,28.24800094582613,27.59534702104642,27.74242401123047,43087500,27.74242401123047
2025-08-15 00:00:00-03:00,PETR4.SA,stocks,27.66888653176352,27.779193401802512,27.337962415054367,27.733232498168945,55416100,27.733232498168945
2025-08-18 00:00:00-03:00,PETR4.SA,stocks,27.806770415289346,28.08253933792421,27.595347457716215,27.907886505126953,31498100,27.907886505126953
2025-08-19 00:00:00-03:00,PETR4.SA,stocks,27.760810288246677,27.788386129302996,27.439078700652857,27.613733291625977,39294300,27.613733291625977
2025-08-20 00:00:00-03:00,PETR4.SA,stocks,27.687270168293193,27.907885650302795,27.66888510646839,27.779191970825195,23706600,27.779191970825195
2025-08-21 00:00:00-03:00,PETR4.SA,stocks,27.779192474097812,27.972232120163493,27.586154581328163,27.84354019165039,23327000,27.84354019165039
2025-08-22 00:00:00-03:00,PETR4.SA,stocks,28.099168928293892,28.644418716430664,28.014561047973388,28.644418716430664,49813600,28.644418716430664
2025-08-25 00:00:00-03:00,PETR4.SA,stocks,28.644421005620845,28.93584896915797,28.59741742082935,28.813636779785156,21075300,28.813636779785156
2025-08-26 00:00:00-03:00,PETR4.SA,stocks,28.653820828219523,28.74782978676352,28.418799328395405,28.6068172454834,21789700,28.6068172454834
2025-08-27 00:00:00-03:00,PETR4.SA,stocks,28.625620891701992,28.841840252501985,28.541013003898193,28.82303810119629,16349100,28.82303810119629
2025-08-28 00:00:00-03:00,PETR4.SA,stocks,28.935849783788836,29.26487847273611,28.870042252927504,29.076862335205078,25802500,29.076862335205078
2025-08-29 00:00:00-03:00,PETR4.SA,stocks,29.076862465990065,29.47169868757461,29.001655652025004,29.236677169799805,27713400,29.236677169799805
2025-09-01 00:00:00-03:00,PETR4.SA,stocks,29.33068392314335,29.49049861489845,29.18966958865752,29.302480697631836,9889700,29.302480697631836
2025-09-02 00:00:00-03:00,PETR4.SA,stocks,29.14266590356487,29.556304244256197,29.14266590356487,29.45289421081543,19812000,29.45289421081543
2025-09-03 00:00:00-03:00,PETR4.SA,stocks,29.255476426502494,29.471695771121478,29.06745851365973,29.19906997680664,29788800,29.19906997680664
2025-09-04 00:00:00-03:00,PETR4.SA,stocks,29.142665320182495,29.44349254627355,29.07685958860904,29.19906997680664,24816500,29.19906997680664
2025-09-05 00:00:00-03:00,PETR4.SA,stocks,29.21787268149964,29.227273756627458,28.381196718912967,28.757230758666992,46121900,28.757230758666992
2025-09-08 00:00:00-03:00,PETR4.SA,stocks,28.98285200521899,29.114463474600853,28.68202476487657,28.870040893554688,18164200,28.870040893554688
2025-09-09 00:00:00-03:00,PETR4.SA,stocks,29.01105518533279,29.283679199058255,28.964049808434062,29.09566307067871,31283900,29.09566307067871
2025-09-10 00:00:00-03:00,PETR4.SA,stocks,29.1050619858875,29.650313592604803,29.067459477914582,29.62211036682129,35949600,29.62211036682129
2025-09-11 00:00:00-03:00,PETR4.SA,stocks,29.42469234485884,29.593908119008344,29.39649091121514,29.509300231933594,17607900,29.509300231933594
2025-09-12 00:00:00-03:00,PETR4.SA,stocks,29.565705671563673,29.800727173585415,29.29307986854401,29.31188201904297,19318400,29.31188201904297
2025-09-15 00:00:00-03:00,PETR4.SA,stocks,29.424691914607884,29.659713421251947,29.1990714833982,29.565706253051758,21978400,29.565706253051758
2025-09-16 00:00:00-03:00,PETR4.SA,stocks,29.70671874449294,29.78192555475963,29.462296162858234,29.640913009643555,19154700,29.640913009643555
2025-09-17 00:00:00-03:00,PETR4.SA,stocks,29.65031459848559,29.885336108772613,29.57510599384479,29.819528579711914,29148100,29.819528579711914
2025-09-18 00:00:00-03:00,PETR4.SA,stocks,29.86653249948076,29.913536082014645,29.3212826939577,29.528100967407227,25702900,29.528100967407227
2025-09-19 00:00:00-03:00,PETR4.SA,stocks,29.54690257764424,29.565704727542858,29.05805743871042,29.19906997680664,48871300,29.19906997680664
2025-09-22 00:00:00-03:00,PETR4.SA,stocks,29.142666877040465,29.584506664831682,28.99225325595955,29.49049949645996,22016100,29.49049949645996
2025-09-23 00:00:00-03:00,PETR4.SA,stocks,29.60330959738684,30.167361587869525,29.575106370287557,29.988744735717773,39895300,29.988744735717773
2025-09-24 00:00:00-03:00,PETR4.SA,stocks,30.233166828385016,30.675008413661196,30.13915965907434,30.665605545043945,36414400,30.665605545043945
2025-09-25 00:00:00-03:00,PETR4.SA,stocks,30.7408158611994,30.834823035744837,30.308377120460268,30.421186447143555,29556300,30.421186447143555
2025-09-26 00:00:00-03:00,PETR4.SA,stocks,30.543397960789562,30.778419478047844,30.22376855387255,30.31777572631836,27819700,30.31777572631836
2025-09-29 00:00:00-03:00,PETR4.SA,stocks,30.3271743030883,30.590400834867413,29.828929845665883,29.904136657714844,35720000,29.904136657714844
2025-09-30 00:00:00-03:00,PETR4.SA,stocks,29.791326816924208,29.98874402270987,29.293080575114224,29.575105667114258,48611500,29.575105667114258
2025-10-01 00:00:00-03:00,PETR4.SA,stocks,29.565706438976942,29.659713607768296,29.424692099646293,29.49989891052246,24817000,29.49989891052246
2025-10-02 00:00:00-03:00,PETR4.SA,stocks,29.499897700579282,29.528100925903015,29.161467962053177,29.217872619628906,25497100,29.217872619628906
2025-10-03 00:00:00-03:00,PETR4.SA,stocks,29.29308139607747,29.45289609750891,29.142667770385742,29.142667770385742,19756800,29.142667770385742
2025-10-06 00:00:00-03:00,PETR4.SA,stocks,29.330682935244216,29.35888436673412,28.860639950981145,28.879440307617188,21245400,28.879440307617188
2025-10-07 00:00:00-03:00,PETR4.SA,stocks,28.879440995657866,29.011054253675905,28.531610183136415,28.982851028442383,29068800,28.982851028442383
2025-10-08 00:00:00-03:00,PETR4.SA,stocks,29.21787406405061,29.21787406405061,28.67262423233884,28.813636779785156,17687400,28.813636779785156
2025-10-09 00:00:00-03:00,PETR4.SA,stocks,28.823037136034824,28.992252905976095,28.381197353577328,28.39999771118164,22879700,28.39999771118164
2025-10-10 00:00:00-03:00,PETR4.SA,stocks,28.296590918844192,28.352995580691505,28.08037155420294,28.146177291870117,50214400,28.146177291870117
2025-10-13 00:00:00-03:00,PETR4.SA,stocks,28.343593543068913,28.456404656007308,28.174377770197225,28.418800354003906,13890500,28.418800354003906
2025-10-14 00:00:00-03:00,PETR4.SA,stocks,28.155576408026267,28.63501868996643,28.08976888186751,28.22138214111328,28138200,28.22138214111328
2025-10-15 00:00:00-03:00,PETR4.SA,stocks,28.249582983897028,28.36239409045707,27.8923511004217,27.967557907104492,40261000,27.967557907104492
2025-10-16 00:00:00-03:00,PETR4.SA,stocks,27.95815753220932,28.02396326557058,27.647929222740707,27.68553352355957,28660900,27.68553352355957
2025-10-17 00:00:00-03:00,PETR4.SA,stocks,27.732537815609106,28.15557724527932,27.553920968295927,27.94875717163086,36238600,27.94875717163086
2025-10-20 00:00:00-03:00,PETR4.SA,stocks,27.920554325329636,28.10857044550076,27.71373426214818,27.967557907104492,31442800,27.967557907104492
2025-10-21 00:00:00-03:00,PETR4.SA,stocks,28.164977191243274,28.19318041824305,27.70433524201137,27.741939544677734,25509900,27.741939544677734
2025-10-22 00:00:00-03:00,PETR4.SA,stocks,27.976961325129217,28.23078499134312,27.84534985067987,28.061569213867188,27088800,28.061569213867188
2025-10-23 00:00:00-03:00,PETR4.SA,stocks,28.691425285446016,28.87944141048834,28.30599016707673,28.381196975708008,40060800,28.381196975708008
2025-10-24 00:00:00-03:00,PETR4.SA,stocks,28.48460661504379,28.625620957086774,28.023964665433088,28.052167892456055,24370300,28.052167892456055
2025-10-27 00:00:00-03:00,PETR4.SA,stocks,28.352993112169496,28.352993112169496,27.91115334553542,28.202579498291016,24771400,28.202579498291016
2025-10-28 00:00:00-03:00,PETR4.SA,stocks,28.108572197303417,28.531611631928904,27.976960725674076,28.193180084228516,25324800,28.193180084228516
2025-10-29 00:00:00-03:00,PETR4.SA,stocks,28.287187874200292,28.352993607287306,28.01456207361496,28.22138214111328,24854900,28.22138214111328
2025-10-30 00:00:00-03:00,PETR4.SA,stocks,28.12737391104154,28.352994341642862,27.976960290640662,28.099170684814453,22657200,28.099170684814453
2025-10-31 00:00:00-03:00,PETR4.SA,stocks,28.202579402122176,28.28718728377428,27.779539993861658,27.967557907104492,29516300,27.967557907104492
2025-11-03 00:00:00-03:00,PETR4.SA,stocks,28.089770723992146,28.64442164363056,28.014563910807542,28.29659080505371,54977300,28.29659080505371
2025-11-04 00:00:00-03:00,PETR4.SA,stocks,28.202579592870286,28.447002164510437,28.11797171064594,28.43760108947754,35035200,28.43760108947754
2025-11-05 00:00:00-03:00,PETR4.SA,stocks,28.437601708514475,29.095662630568306,28.399997407564307,29.00165367126465,40375900,29.00165367126465
2025-11-06 00:00:00-03:00,PETR4.SA,stocks,29.12386395883669,29.405890835736948,29.048657150277638,29.152067184448242,43435700,29.152067184448242
2025-11-07 00:00:00-03:00,PETR4.SA,stocks,29.349484872988327,30.251968383789062,29.001654050015546,30.251968383789062,97315600,30.251968383789062
2025-11-10 00:00:00-03:00,PETR4.SA,stocks,30.364779990729993,30.599801513237416,30.016949141539286,30.421186447143555,41064200,30.421186447143555
2025-11-11 00:00:00-03:00,PETR4.SA,stocks,30.59039887606673,31.43647411263675,30.505790993795383,31.21085548400879,68221300,31.21085548400879
2025-11-12 00:00:00-03:00,PETR4.SA,stocks,31.26725748474499,31.26725748474499,30.157959350024388,30.411779403686523,67646400,30.411779403686523
2025-11-13 00:00:00-03:00,PETR4.SA,stocks,30.421183810860455,30.966431831031983,30.383579509843518,30.54339599609375,38517200,30.54339599609375
2025-11-14 00:00:00-03:00,PETR4.SA,stocks,30.646799650316606,31.18264833944727,30.628001087665705,30.74081039428711,27371300,30.74081039428711
2025-11-17 00:00:00-03:00,PETR4.SA,stocks,30.79721555644487,31.098046373492686,30.769014124217417,30.9100284576416,63708200,30.9100284576416
2025-11-18 00:00:00-03:00,PETR4.SA,stocks,30.74081337374374,31.18265136172766,30.71260835474731,31.013439178466797,26520500,31.013439178466797
2025-11-19 00:00:00-03:00,PETR4.SA,stocks,30.834822192248556,31.004037970716453,30.590401393430334,30.85362434387207,48719300,30.85362434387207
2025-11-21 00:00:00-03:00,PETR4.SA,stocks,30.609199656442485,30.77841541341311,30.42118175023698,30.61859893798828,40869300,30.61859893798828
2025-11-24 00:00:00-03:00,PETR4.SA,stocks,30.609202846995505,30.787817904129884,30.421184921191934,30.59040069580078,38665600,30.59040069580078
2025-11-25 00:00:00-03:00,PETR4.SA,stocks,30.411781611008834,30.496389497084934,30.16736082131322,30.345975875854492,28431100,30.345975875854492
2025-11-26 00:00:00-03:00,PETR4.SA,stocks,30.439985509797303,30.46818694206988,30.176758992727166,30.29897117614746,25042100,30.29897117614746
2025-11-27 00:00:00-03:00,PETR4.SA,stocks,30.345976916041963,30.458789825439453,30.270771895920696,30.458789825439453,16087400,30.458789825439453
2025-11-28 00:00:00-03:00,PETR4.SA,stocks,30.336578724986442,30.37418302947212,29.415294781950408,29.885337829589844,60420500,29.885337829589844
2025-12-01 00:00:00-03:00,PETR4.SA,stocks,30.03574899643796,30.242565481848633,29.67851530542889,29.941740036010742,29489100,29.941740036010742
2025-12-02 00:00:00-03:00,PETR4.SA,stocks,30.016946197053038,30.148557662963867,29.556304273293392,30.148557662963867,25574100,30.148557662963867
2025-12-03 00:00:00-03:00,PETR4.SA,stocks,30.223766224082926,30.552794888423946,30.223766224082926,30.37417984008789,36630000,30.37417984008789
2025-12-04 00:00:00-03:00,PETR4.SA,stocks,30.543396619711775,30.78781740902528,30.50579231792705,30.571598052978516,33009700,30.571598052978516
2025-12-05 00:00:00-03:00,PETR4.SA,stocks,30.55279591947791,30.93823104763173,29.49049949645996,29.49049949645996,74495100,29.49049949645996
2025-12-08 00:00:00-03:00,PETR4.SA,stocks,29.678514675312773,30.073350866266743,29.6033078671821,29.76312255859375,30271600,29.76312255859375
2025-12-09 00:00:00-03:00,PETR4.SA,stocks,29.716119850958922,29.988743866058613,29.452895118214567,29.951141357421875,23863000,29.951141357421875
2025-12-10 00:00:00-03:00,PETR4.SA,stocks,29.96994166155185,30.0733516979934,29.650314062960483,30.026348114013672,22123700,30.026348114013672
2025-12-11 00:00:00-03:00,PETR4.SA,stocks,29.969940739669656,29.988742889911904,29.377687351612707,29.528100967407227,64927900,29.528100967407227
2025-12-12 00:00:00-03:00,PETR4.SA,stocks,29.52810135515427,29.819527515449032,29.46229562151401,29.697317123413086,39659900,29.697317123413086
2025-12-15 00:00:00-03:00,PETR4.SA,stocks,29.781925693316186,29.988743974243842,29.697317807238555,29.80072784423828,31898900,29.80072784423828
2025-12-16 00:00:00-03:00,PETR4.SA,stocks,29.640913695288713,29.640913695288713,28.776034460679693,28.898244857788086,52661900,28.898244857788086
2025-12-17 00:00:00-03:00,PETR4.SA,stocks,29.01105434647008,29.217872619628906,28.973450046038437,29.217872619628906,39337100,29.217872619628906
2025-12-18 00:00:00-03:00,PETR4.SA,stocks,29.33068333385673,29.405890140638036,28.98285073182337,29.048656463623047,34311000,29.048656463623047
2025-12-19 00:00:00-03:00,PETR4.SA,stocks,29.208471842599593,29.368286534921545,29.11446288363284,29.152067184448242,45807700,29.152067184448242
2025-12-22 00:00:00-03:00,PETR4.SA,stocks,29.37768972185031,29.64091446726397,29.236677169799805,29.236677169799805,35896900,29.236677169799805
2025-12-23 00:00:00-03:00,PETR4.SA,stocks,29.626647777922397,29.646043736428435,29.287227752568786,29.393901824951172,35703900,29.393901824951172
2025-12-26 00:00:00-03:00,PETR4.SA,stocks,29.3939030194159,29.510276925480746,29.209646955222254,29.490880966186523,20178600,29.490880966186523
2025-12-29 00:00:00-03:00,PETR4.SA,stocks,29.636346543817293,29.878790482476763,29.59755647547602,29.80120849609375,20588100,29.80120849609375
2025-12-30 00:00:00-03:00,PETR4.SA,stocks,29.869092810310804,30.02425678467342,29.72362681555841,29.88848876953125,16880600,29.88848876953125
2026-01-02 00:00:00-03:00,PETR4.SA,stocks,30.024256607570734,30.024256607570734,29.442392631993375,29.78181266784668,21625200,29.78181266784668
2026-01-05 00:00:00-03:00,PETR4.SA,stocks,29.772115493044623,29.839999497832675,28.831431856123352,29.287227630615234,48211400,29.287227630615234
2026-01-06 00:00:00-03:00,PETR4.SA,stocks,29.45208975835018,29.510275784282232,28.724757960248056,28.744152069091797,38095000,28.744152069091797
2026-01-07 00:00:00-03:00,PETR4.SA,stocks,28.773245609606107,28.928409576416016,28.637477601072533,28.928409576416016,28132900,28.928409576416016
2026-01-08 00:00:00-03:00,PETR4.SA,stocks,29.005991782549994,29.422995640191335,28.88961973139917,29.287227630615234,34125800,29.287227630615234
2026-01-09 00:00:00-03:00,PETR4.SA,stocks,29.258132930077107,29.810904782881128,29.22903899319782,29.38420295715332,27982800,29.38420295715332
2026-01-12 00:00:00-03:00,PETR4.SA,stocks,29.384204472483862,29.64604436879937,29.296924507045357,29.442392349243164,18947400,29.442392349243164
2026-01-13 00:00:00-03:00,PETR4.SA,stocks,29.442392397336448,30.37337623060062,29.442392397336448,30.198816299438477,54097100,30.198816299438477
2026-01-14 00:00:00-03:00,PETR4.SA,stocks,30.402470702440635,31.546804555146792,30.257004707153456,31.02312660217285,82309300,31.02312660217285
2026-01-15 00:00:00-03:00,PETR4.SA,stocks,30.547936277637955,30.964940148173657,30.489750250263345,30.829172134399414,26456600,30.829172134399414
2026-01-16 00:00:00-03:00,PETR4.SA,stocks,30.984335255602932,31.22677918765084,30.916449400881174,31.07161521911621,70947300,31.07161521911621
2026-01-19 00:00:00-03:00,PETR4.SA,stocks,30.994031319716473,31.236475251252553,30.94554327328942,31.197683334350586,12852900,31.197683334350586
2026-01-20 00:00:00-03:00,PETR4.SA,stocks,31.1976844562906,31.537108192288052,30.97463832488466,31.31406021118164,26300000,31.31406021118164
2026-01-21 00:00:00-03:00,PETR4.SA,stocks,31.51771346614368,32.53597731516964,31.449829456168686,32.41960525512695,93270900,32.41960525512695
2026-01-22 00:00:00-03:00,PETR4.SA,stocks,32.37111521818976,33.09844702276639,32.254739465888875,32.56507110595703,71516300,32.56507110595703
2026-01-23 00:00:00-03:00,PETR4.SA,stocks,32.92388979642419,34.40764561575315,32.8560057850432,33.9809455871582,68642600,33.9809455871582
2026-01-26 00:00:00-03:00,PETR4.SA,stocks,34.300967339508055,34.62099511363334,33.98094326478369,34.2912712097168,39869600,34.2912712097168
2026-01-27 00:00:00-03:00,PETR4.SA,stocks,34.43673458262966,35.34832613745386,34.30096657218372,35.03799819946289,47268200,35.03799819946289
2026-01-28 00:00:00-03:00,PETR4.SA,stocks,35.445302069336854,36.30840187415511,35.3968140228843,36.21142578125,46054700,36.21142578125
2026-01-29 00:00:00-03:00,PETR4.SA,stocks,36.85147886298549,37.41395057923825,36.43447499042595,36.560546875,58722800,36.560546875
2026-01-30 00:00:00-03:00,PETR4.SA,stocks,36.10474870284149,36.832080474533065,35.901096694624016,36.61872863769531,45794700,36.61872863769531
2026-02-02 00:00:00-03:00,PETR4.SA,stocks,35.6683489156515,36.11444854736328,35.51318495226501,36.11444854736328,38505600,36.11444854736328
2026-02-03 00:00:00-03:00,PETR4.SA,stocks,36.37628801191983,37.16180772835154,36.01747200785149,36.444175720214844,57152800,36.444175720214844
2026-02-04 00:00:00-03:00,PETR4.SA,stocks,36.318102322054315,36.541150299058124,35.85261040925496,36.385986328125,37955800,36.385986328125
2026-02-05 00:00:00-03:00,PETR4.SA,stocks,36.26961419932195,36.473266217110336,35.78472632873957,35.8817024230957,35933100,35.8817024230957
2026-02-06 00:00:00-03:00,PETR4.SA,stocks,36.08535414751275,36.14354202329389,35.348326217955915,35.54228210449219,27681100,35.54228210449219
2026-02-09 00:00:00-03:00,PETR4.SA,stocks,35.55197999270165,36.318103747746534,35.44530406485983,36.19203186035156,27089800,36.19203186035156
2026-02-10 00:00:00-03:00,PETR4.SA,stocks,36.19203065304047,36.444174419419284,35.79442274396702,36.22112274169922,24585300,36.22112274169922
2026-02-11 00:00:00-03:00,PETR4.SA,stocks,36.58963816160778,37.29757400662855,36.550846244220125,36.92906188964844,55863800,36.92906188964844
2026-02-12 00:00:00-03:00,PETR4.SA,stocks,36.899964438544075,36.899964438544075,35.6877448203304,35.98837661743164,39856000,35.98837661743164
2026-02-13 00:00:00-03:00,PETR4.SA,stocks,36.03686813545773,36.03686813545773,35.425908353162484,35.775028228759766,27507000,35.775028228759766
2026-02-18 00:00:00-03:00,PETR4.SA,stocks,35.949587872639285,36.25991582632166,35.736236017207275,36.06595993041992,32276700,36.06595993041992
2026-02-19 00:00:00-03:00,PETR4.SA,stocks,36.36658926628372,37.08422492220805,36.308401391673385,36.66722106933594,48355000,36.66722106933594
2026-02-20 00:00:00-03:00,PETR4.SA,stocks,36.53144821608966,36.822383880615234,36.31810008134505,36.822383880615234,51949800,36.822383880615234
2026-02-23 00:00:00-03:00,PETR4.SA,stocks,36.82238886499537,38.06370072390281,36.706013103671935,37.423648834228516,55061500,37.423648834228516
2026-02-24 00:00:00-03:00,PETR4.SA,stocks,37.68548733744582,38.46130722022217,37.68548733744582,38.374027252197266,43263600,38.374027252197266
2026-02-25 00:00:00-03:00,PETR4.SA,stocks,38.732843254343635,38.76193904328594,37.850347444047856,38.374027252197266,26012300,38.374027252197266
2026-02-26 00:00:00-03:00,PETR4.SA,stocks,38.11218708768201,38.597074973528855,37.7921630067116,38.412818908691406,29919100,38.412818908691406
2026-02-27 00:00:00-03:00,PETR4.SA,stocks,38.71344525557453,39.05286897974784,38.14128112792969,38.14128112792969,38799000,38.14128112792969
2026-03-02 00:00:00-03:00,PETR4.SA,stocks,40.051735244122064,40.274783208821596,39.29531138997576,39.88687515258789,83817000,39.88687515258789
2026-03-03 00:00:00-03:00,PETR4.SA,stocks,40.43965024606089,40.73058223644099,39.5183625270231,39.712318420410156,93893800,39.712318420410156
2026-03-04 00:00:00-03:00,PETR4.SA,stocks,39.71231687147196,39.92566501641542,38.723145183240476,39.275917053222656,50915600,39.275917053222656
2026-03-05 00:00:00-03:00,PETR4.SA,stocks,39.30501058606597,39.537758397487806,38.77163465500042,39.460174560546875,53107600,39.460174560546875
2026-03-06 00:00:00-03:00,PETR4.SA,stocks,40.633605931664114,41.816729846413295,40.16811031015515,40.885746002197266,87228000,40.885746002197266
2026-03-09 00:00:00-03:00,PETR4.SA,stocks,41.94280212318485,42.93197385417998,41.38033039992446,41.85552215576172,107124400,41.85552215576172
2026-03-10 00:00:00-03:00,PETR4.SA,stocks,41.03121306640792,41.79733309273498,40.75967334245573,41.63247299194336,56706200,41.63247299194336
2026-03-11 00:00:00-03:00,PETR4.SA,stocks,41.9428016789096,43.52353720576205,41.92340571975425,43.445953369140625,73234300,43.445953369140625
2026-03-12 00:00:00-03:00,PETR4.SA,stocks,44.01812362735444,44.69696743737085,42.86409173990736,43.63991165161133,86124400,43.63991165161133
2026-03-13 00:00:00-03:00,PETR4.SA,stocks,43.261697261204475,43.96963312233328,42.95136931384393,43.319881439208984,42520400,43.319881439208984
2026-03-16 00:00:00-03:00,PETR4.SA,stocks,43.523539071840524,44.599990805009604,43.44595523189268,44.47391891479492,40474100,44.47391891479492
2026-03-17 00:00:00-03:00,PETR4.SA,stocks,44.46421535706942,45.83159897659459,44.41572731086798,44.97819900512695,51025600,44.97819900512695
2026-03-18 00:00:00-03:00,PETR4.SA,stocks,45.28852436925127,45.72492415909321,45.14305653950377,45.5794563293457,55074700,45.5794563293457
2026-03-19 00:00:00-03:00,PETR4.SA,stocks,45.77341567522765,46.6753074095245,45.27882797608378,45.36610794067383,84865000,45.36610794067383
2026-03-20 00:00:00-03:00,PETR4.SA,stocks,45.37580520933116,45.82190113677482,43.56232201400038,44.28965377807617,78125700,44.28965377807617
2026-03-23 00:00:00-03:00,PETR4.SA,stocks,43.07743906374301,44.78424653562016,42.980462963945904,44.63877868652344,65252400,44.63877868652344
2026-03-24 00:00:00-03:00,PETR4.SA,stocks,44.99759708263386,46.50074878207379,44.968501294022104,45.84130096435547,57455300,45.84130096435547
2026-03-25 00:00:00-03:00,PETR4.SA,stocks,45.094570601613896,46.11283435918954,44.900614719361215,46.06434631347656,40532900,46.06434631347656
2026-03-26 00:00:00-03:00,PETR4.SA,stocks,46.16132249503981,47.005030029576346,46.083742361627706,46.56863021850586,59986800,46.56863021850586
2026-03-27 00:00:00-03:00,PETR4.SA,stocks,47.034122586814085,47.9457104350629,46.675306604973706,47.91661834716797,54170900,47.91661834716797
2026-03-30 00:00:00-03:00,PETR4.SA,stocks,48.24634222589705,49.15793007385836,47.99420216561867,48.168758392333984,51454300,48.168758392333984
2026-03-31 00:00:00-03:00,PETR4.SA,stocks,48.55666971853548,49.022161617466466,46.209814265666665,47.19898223876953,78931700,47.19898223876953
2026-04-01 00:00:00-03:00,PETR4.SA,stocks,46.25830214381279,46.617118120967056,45.35641043684066,45.93827438354492,66488400,45.93827438354492
2026-04-02 00:00:00-03:00,PETR4.SA,stocks,47.80994200084229,47.96510596723777,46.50074626559295,46.6947021484375,38536900,46.6947021484375
2026-04-06 00:00:00-03:00,PETR4.SA,stocks,46.539539071906276,47.51901093486821,46.43286314933203,47.46082305908203,27848100,47.46082305908203
2026-04-07 00:00:00-03:00,PETR4.SA,stocks,47.606291131300594,48.06208691201583,46.937147203795966,47.043819427490234,33362800,47.043819427490234
2026-04-08 00:00:00-03:00,PETR4.SA,stocks,43.348976639767336,45.23034025755306,43.18411283905469,45.20124816894531,87580500,45.20124816894531
2026-04-09 00:00:00-03:00,PETR4.SA,stocks,46.103139208137534,47.08261107016735,45.608551512927775,46.4522590637207,58206500,46.4522590637207
2026-04-10 00:00:00-03:00,PETR4.SA,stocks,46.09343972300512,47.54810333251953,46.09343972300512,47.54810333251953,42860900,47.54810333251953
2026-04-13 00:00:00-03:00,PETR4.SA,stocks,48.246340499824974,48.72153221489623,47.76145265560563,48.27543258666992,60941100,48.27543258666992
2026-04-14 00:00:00-03:00,PETR4.SA,stocks,48.11057678964378,48.14936870850001,46.22920941852755,46.432865142822266,58646800,46.432865142822266
2026-04-15 00:00:00-03:00,PETR4.SA,stocks,46.500749613206224,46.646213761261095,45.31762197214121,45.47278594970703,61852100,45.47278594970703
2026-04-16 00:00:00-03:00,PETR4.SA,stocks,45.86069422594074,47.208681871294765,45.34671058391167,47.1117057800293,54484300,47.1117057800293
2026-04-17 00:00:00-03:00,PETR4.SA,stocks,45.09457221910063,45.143060266552816,43.513836716233236,44.823036193847656,105186900,44.823036193847656
2026-04-20 00:00:00-03:00,PETR4.SA,stocks,45.81220973626403,46.044953853127105,45.104270157352815,45.59885787963867,41904500,45.59885787963867
2026-04-22 00:00:00-03:00,PETR4.SA,stocks,46.20011399786107,46.529837885562536,45.821902064785995,46.22920608520508,51063000,46.22920608520508
2026-04-23 00:00:00-03:00,PETR4.SA,stocks,46.57646998577134,47.28455940328853,46.12408119195152,46.97968673706055,38666800,46.97968673706055
2026-04-24 00:00:00-03:00,PETR4.SA,stocks,46.714154969731155,46.73382453780353,45.681527031243874,46.37977981567383,34880200,46.37977981567383
2026-04-27 00:00:00-03:00,PETR4.SA,stocks,46.43878758075769,47.373067659989125,46.38961178577799,46.5863037109375,31543600,46.5863037109375
2026-04-28 00:00:00-03:00,PETR4.SA,stocks,46.86167600340548,47.24522321125404,46.67481697792989,46.73382568359375,29389700,46.73382568359375
2026-04-29 00:00:00-03:00,PETR4.SA,stocks,47.30422882418338,48.48437669279139,47.20588473162716,48.150001525878906,47685000,48.150001525878906
2026-04-30 00:00:00-03:00,PETR4.SA,stocks,48.00248327506252,48.563052831460084,47.491085762779626,48.26801681518555,36666100,48.26801681518555
2026-05-04 00:00:00-03:00,PETR4.SA,stocks,48.464707266241426,49.025276848948245,48.11066252946099,48.52371597290039,41319600,48.52371597290039
2026-05-05 00:00:00-03:00,PETR4.SA,stocks,48.071326714192566,48.218842852143254,47.53042670520012,47.85496520996094,28066500,47.85496520996094
2026-05-06 00:00:00-03:00,PETR4.SA,stocks,45.93722416118741,46.70432231380818,45.81921050370212,46.48796081542969,62009100,46.48796081542969
2026-05-07 00:00:00-03:00,PETR4.SA,stocks,45.63235607500291,45.878220054390674,44.452208223624346,45.4553337097168,71214500,45.4553337097168
2026-05-08 00:00:00-03:00,PETR4.SA,stocks,45.62251815248795,45.77987094487844,44.9144287109375,44.9144287109375,32914200,44.9144287109375
2026-05-11 00:00:00-03:00,PETR4.SA,stocks,45.44549610709893,45.740532125927786,44.894763205708145,45.66185760498047,50622200,45.66185760498047
2026-05-12 00:00:00-03:00,PETR4.SA,stocks,45.48483639057489,45.48483639057489,44.64890035754492,44.92426681518555,81072700,44.92426681518555
2026-05-13 00:00:00-03:00,PETR4.SA,stocks,45.012778014566514,45.07178672047662,43.62610531416526,43.8326301574707,57251900,43.8326301574707
2026-05-14 00:00:00-03:00,PETR4.SA,stocks,43.724448959238366,44.619393689342544,43.64577443708161,44.255516052246094,47760000,44.255516052246094
2026-05-15 00:00:00-03:00,PETR4.SA,stocks,44.639060835750215,44.786580715221525,44.23584408365985,44.71773910522461,59380500,44.71773910522461
2026-05-18 00:00:00-03:00,PETR4.SA,stocks,44.353860802425636,45.69136146325959,43.73428626962283,45.67169189453125,57388200,45.67169189453125
2026-05-19 00:00:00-03:00,PETR4.SA,stocks,45.2291400381315,45.534008976539916,44.83575616404666,45.327484130859375,40943000,45.327484130859375
2026-05-20 00:00:00-03:00,PETR4.SA,stocks,45.01277841632718,45.642189611972974,43.80312807127291,43.86213302612305,52780200,43.86213302612305
2026-05-21 00:00:00-03:00,PETR4.SA,stocks,44.353860742375055,44.894764502705456,43.763788687670335,44.20634460449219,57725900,44.20634460449219
2026-05-22 00:00:00-03:00,PETR4.SA,stocks,43.999818370272784,44.00965127851964,43.144209040922405,43.744117736816406,39634300,43.744117736816406
2026-05-25 00:00:00-03:00,PETR4.SA,stocks,42.77049894393315,43.095037441642695,42.25910142332469,42.68198776245117,26720900,42.68198776245117
2026-05-26 00:00:00-03:00,PETR4.SA,stocks,42.642646588169555,43.07536581496661,42.445954666321306,42.72132110595703,36040500,42.72132110595703
2026-05-27 00:00:00-03:00,PETR4.SA,stocks,41.55101035135304,42.4754575151079,41.45266626535718,42.11157989501953,53745400,42.11157989501953
2026-05-28 00:00:00-03:00,PETR4.SA,stocks,42.3869484293754,42.46562670332492,41.55101240238803,41.80670928955078,37534800,41.80670928955078
2026-05-29 00:00:00-03:00,PETR4.SA,stocks,41.501841014773944,41.649357153387555,41.12812671076348,41.30514907836914,73281800,41.30514907836914
2026-06-01 00:00:00-03:00,PETR4.SA,stocks,41.698531649213336,42.3082732566021,41.26580865231648,41.66902542114258,73925300,41.66902542114258
2026-06-02 00:00:00-03:00,PETR4.SA,stocks,41.900001525878906,41.97999954223633,41.439998626708984,41.56999969482422,27318300,41.56999969482422
2026-06-03 00:00:00-03:00,PETR4.SA,stocks,41.650001525878906,41.869998931884766,41.25,41.25,42895100,41.25
2026-06-05 00:00:00-03:00,PETR4.SA,stocks,41.029998779296875,41.43000030517578,40.650001525878906,40.88999938964844,34730900,40.88999938964844
2026-06-08 00:00:00-03:00,PETR4.SA,stocks,41.20000076293945,41.31999969482422,40.83000183105469,41.220001220703125,34043600,41.220001220703125
2026-06-09 00:00:00-03:00,PETR4.SA,stocks,40.880001068115234,41.369998931884766,40.70000076293945,41.16999816894531,56680400,41.16999816894531
2026-06-10 00:00:00-03:00,PETR4.SA,stocks,41.209999084472656,42.040000915527344,41.0099983215332,41.650001525878906,44953200,41.650001525878906
2026-06-11 00:00:00-03:00,PETR4.SA,stocks,41.650001525878906,42.150001525878906,41.15999984741211,41.7599983215332,52321500,41.7599983215332
2026-06-12 00:00:00-03:00,PETR4.SA,stocks,41.060001373291016,41.529998779296875,40.81999969482422,41.18000030517578,34082200,41.18000030517578
2026-06-15 00:00:00-03:00,PETR4.SA,stocks,39.84000015258789,39.91999816894531,39.060001373291016,39.060001373291016,54174000,39.060001373291016
2026-06-16 00:00:00-03:00,PETR4.SA,stocks,38.45000076293945,38.779998779296875,38.20000076293945,38.540000915527344,36250100,38.540000915527344
2026-06-17 00:00:00-03:00,PETR4.SA,stocks,38.709999084472656,38.86000061035156,38.27000045776367,38.56999969482422,66882000,38.56999969482422
2026-06-18 00:00:00-03:00,PETR4.SA,stocks,38.29999923706055,39.09000015258789,37.40999984741211,38.849998474121094,53332600,38.849998474121094
2026-06-19 00:00:00-03:00,PETR4.SA,stocks,38.86000061035156,39.11000061035156,38.619998931884766,38.79999923706055,44775800,38.79999923706055
2026-06-22 00:00:00-03:00,PETR4.SA,stocks,38.75,39.209999084472656,38.47999954223633,39.16999816894531,35488200,39.16999816894531
2026-06-23 00:00:00-03:00,PETR4.SA,stocks,38.959999084472656,39.56999969482422,38.84000015258789,39.33000183105469,27398600,39.33000183105469
2026-06-24 00:00:00-03:00,PETR4.SA,stocks,38.900001525878906,38.97999954223633,38.130001068115234,38.290000915527344,59191400,38.290000915527344
2026-06-25 00:00:00-03:00,PETR4.SA,stocks,38.119998931884766,38.66999816894531,37.91999816894531,38.45000076293945,25152300,38.45000076293945
2026-06-26 00:00:00-03:00,PETR4.SA,stocks,38.06999969482422,38.25,37.93000030517578,38.060001373291016,23383000,38.060001373291016
2026-06-29 00:00:00-03:00,PETR4.SA,stocks,38.20000076293945,38.369998931884766,37.91999816894531,38.13999938964844,14899700,38.13999938964844
